name,canonical_url,priority_tier,priority_reason,language,country,lead_type,audience_size,last_active,evidence_url,topic,personalization_note,official_contact_page_url,source_file,verification_status
IFOAM Organics International,https://ifoam.bio/,1_natural_organic,"Natural, organic, regenerative, or agroecological focus",English/Multilingual,Global,farmer_association_group,,2026-08-17,https://ifoam.bio/news-and-press,organic agriculture,FarmerBook's professional farmer profiles and commission-free produce marketplace could help IFOAM Organics International's organic agriculture community build trusted professional identity and direct buyer connections.,https://ifoam.bio/about-us/contact,international_leads.csv,verified_official_site_and_public_contact_surface; no_contact_values_collected
Boss Wallah - Farming Hindi,https://youtube.com/channel/UCgvzleUr1gP9JdwbSdgSQWg,1_natural_organic,"Natural, organic, regenerative, or agroecological focus",Hindi,,youtube_creator,,2026-08,https://socialcounts.org/youtube-live-subscriber-count/UCgvzleUr1gP9JdwbSdgSQWg,"Crops, livestock, organic farming, technology and government schemes",Its broad Hindi agribusiness audience could use FarmerBook professional profiles to showcase enterprises and pursue commission-free direct trade.,,hindi_leads.csv,verified_current_channel_index; exact_upload_date_not_indexed
Hello Kisaan,https://youtube.com/@HelloKisaan,1_natural_organic,"Natural, organic, regenerative, or agroecological focus",Hindi,,youtube_creator,,2026-06-22,https://socialcounts.org/youtube-channel-analytics/UCMD4aGl7ffTzjZfc2QnsA7w,"Practical farming, machinery, organic methods and farmer stories",Its hands-on farmer audience could turn educational engagement into professional FarmerBook profiles and direct commission-free produce-market connections.,https://hellokisaan.com/,hindi_leads.csv,verified_current_channel_activity_index_and_official_site
Ravizone Farming Leader,https://youtube.com/c/RavizoneFarmingLeader,1_natural_organic,"Natural, organic, regenerative, or agroecological focus",Hindi,,youtube_creator,,2026-06,https://hypeauditor.com/youtube/UCGR0bagfzpUuPub4cDpvUmA,"Livestock, organic farming, machinery and farm technology",Its mixed crop-and-livestock audience could showcase farm enterprises through FarmerBook profiles and reach suitable direct buyers and wholesalers.,,hindi_leads.csv,verified_current_2026_channel_analytics; exact_upload_date_not_indexed
Technical Farming,https://youtube.com/@technicalfarming,1_natural_organic,"Natural, organic, regenerative, or agroecological focus",Hindi,,youtube_creator,,2026-07-28,https://socialcounts.org/youtube-channel-analytics/UCKJ_i4CooBkhAjHpS6pVvVg,Modern and organic farming techniques and farmer success stories,Its cost-conscious modern-farming audience is a strong fit for FarmerBook profiles and commission-free access to direct produce buyers and wholesalers.,,hindi_leads.csv,verified_current_channel_activity_index
MAD GARDENER,https://youtube.com/@madgardener,1_natural_organic,"Natural, organic, regenerative, or agroecological focus",Telugu,,youtube_creator,760K,2026-03-06,https://speakrj.com/audit/report/UC1Wk3b--QQ-vMDoUgSom3Cw/youtube/media-stats,Organic terrace gardening; kitchen gardening; vegetables and home-grown produce,Its large Telugu organic-growing community could showcase FarmerBook profiles for serious growers and help them discover commission-free direct produce demand.,https://madgardener.graphy.com/,telugu_leads.csv,medium_official_identity_plus_dated_channel_activity_index
Ghana Federation of Forest and Farm Producers,https://ghaffap.org/,2_sustainable_smallholder,Sustainable or smallholder farming focus,English,Ghana,farmer_association_group,,2026-08-17,https://ghaffap.org/news,forest and farm producer organisations,FarmerBook's professional farmer profiles and commission-free produce marketplace could help Ghana Federation of Forest and Farm Producers's forest and farm producer organisations community build trusted professional identity and direct buyer connections.,https://ghaffap.org/contact,international_leads.csv,verified_official_site_and_public_contact_surface; no_contact_values_collected
PAKISAMA,https://pakisama.com/,2_sustainable_smallholder,Sustainable or smallholder farming focus,English/Filipino,Philippines,farmer_association_group,,2026-08-17,https://pakisama.com/news-and-projects,smallholder farmer confederation,FarmerBook's professional farmer profiles and commission-free produce marketplace could help PAKISAMA's smallholder farmer confederation community build trusted professional identity and direct buyer connections.,https://pakisama.com/old-contact,international_leads.csv,verified_official_site_and_public_contact_surface; no_contact_values_collected
National Farmers Union Canada,https://nfu.ca/,2_sustainable_smallholder,Sustainable or smallholder farming focus,English/French,Canada,farmer_association_group,,2026-08-17,https://nfu.ca/news,family farm advocacy,FarmerBook's professional farmer profiles and commission-free produce marketplace could help National Farmers Union Canada's family farm advocacy community build trusted professional identity and direct buyer connections.,https://nfu.ca/contact,international_leads.csv,verified_official_site_and_public_contact_surface; no_contact_values_collected
Asian Farmers Association for Sustainable Rural Development,https://asianfarmers.org/,2_sustainable_smallholder,Sustainable or smallholder farming focus,English/Multilingual,Asia,farmer_association_group,,2026-08-17,https://asianfarmers.org/category/resources/publications/impact-stories,smallholder and family farmer networks,FarmerBook's professional farmer profiles and commission-free produce marketplace could help Asian Farmers Association for Sustainable Rural Development's smallholder and family farmer networks community build trusted professional identity and direct buyer connections.,https://asianfarmers.org/,international_leads.csv,verified_official_site_and_public_contact_surface; no_contact_values_collected
European Coordination Via Campesina,https://eurovia.org/,2_sustainable_smallholder,Sustainable or smallholder farming focus,English/Multilingual,Europe,farmer_association_group,,2026-08-17,https://eurovia.org/news-and-events,small and peasant farmers,FarmerBook's professional farmer profiles and commission-free produce marketplace could help European Coordination Via Campesina's small and peasant farmers community build trusted professional identity and direct buyer connections.,https://eurovia.org/contact,international_leads.csv,verified_official_site_and_public_contact_surface; no_contact_values_collected
National Association of Smallholder Farmers (NASFAM),https://facebook.com/nasfammw,2_sustainable_smallholder,Sustainable or smallholder farming focus,English/Multilingual,Malawi,farmer_association_group,,2026-07-01,https://wfo-oma.org/members/list-members,farmer representation and market access,FarmerBook's professional farmer profiles and commission-free produce marketplace could help National Association of Smallholder Farmers (NASFAM)'s farmer representation and market access community build trusted professional identity and direct buyer connections.,https://facebook.com/nasfammw,international_leads.csv,verified_current_official_member_directory; contact_surface_needs_manual_review
ROPPA,https://roppa-afrique.org/,2_sustainable_smallholder,Sustainable or smallholder farming focus,English/Multilingual,West Africa,farmer_association_group,,2026-08-17,https://roppa-afrique.org/blog,smallholder producer organisations,FarmerBook's professional farmer profiles and commission-free produce marketplace could help ROPPA's smallholder producer organisations community build trusted professional identity and direct buyer connections.,https://roppa-afrique.org/contact-us,international_leads.csv,verified_official_site_and_public_contact_surface; no_contact_values_collected
Shamba Shape Up,https://youtube.com/channel/UCobyLKYulGSTe0ZZb4ILjDg,2_sustainable_smallholder,Sustainable or smallholder farming focus,English/Swahili,East Africa,youtube_creator,,2026-08-17,https://youtube.com/channel/UCobyLKYulGSTe0ZZb4ILjDg/videos,smallholder farmer education,FarmerBook's professional farmer profiles and commission-free produce marketplace could help Shamba Shape Up's smallholder farmer education community build trusted professional identity and direct buyer connections.,https://shambashapeup.com/about/partner-us,international_leads.csv,verified_creator_site_and_official_youtube; no_contact_values_collected
Association of Peasant Farms and Agricultural Cooperatives of Russia (AKKOR),https://akkor.ru/,2_sustainable_smallholder,Sustainable or smallholder farming focus,Russian,Russia,farmer_association_group,,2026-07-01,https://wfo-oma.org/members/list-members,agricultural cooperatives,FarmerBook's professional farmer profiles and commission-free produce marketplace could help Association of Peasant Farms and Agricultural Cooperatives of Russia (AKKOR)'s agricultural cooperatives community build trusted professional identity and direct buyer connections.,https://akkor.ru/,international_leads.csv,verified_current_official_member_directory; contact_surface_needs_manual_review
Union Tunisienne de l’Agriculture et de la Pêche (UTAP),http://utap.org.tn/language/fr,3_general_farming,General farming relevance,Arabic/French,Tunisia,farmer_association_group,,2026-07-01,https://wfo-oma.org/members/list-members,farmer representation and market access,FarmerBook's professional farmer profiles and commission-free produce marketplace could help Union Tunisienne de l’Agriculture et de la Pêche (UTAP)'s farmer representation and market access community build trusted professional identity and direct buyer connections.,http://utap.org.tn/language/fr,international_leads.csv,verified_current_official_member_directory; contact_surface_needs_manual_review
Hrvatska Poljoprivredna Komora HPK (Croatian Chamber of Agriculture),http://komora.hr/,3_general_farming,General farming relevance,Croatian,Croatia,farmer_association_group,,2026-07-08,https://copa-cogeca.eu/home/copa_members,farmer representation and market access,FarmerBook's professional farmer profiles and commission-free produce marketplace could help Hrvatska Poljoprivredna Komora HPK (Croatian Chamber of Agriculture)'s farmer representation and market access community build trusted professional identity and direct buyer connections.,http://komora.hr/,international_leads.csv,verified_current_official_member_directory; contact_surface_needs_manual_review
Agrární Komora České Republiky - AKCR (Czech Agrarian Chamber),http://agrocr.cz/,3_general_farming,General farming relevance,Czech,Czech Republic,farmer_association_group,,2026-07-08,https://copa-cogeca.eu/home/copa_members,farmer representation and market access,FarmerBook's professional farmer profiles and commission-free produce marketplace could help Agrární Komora České Republiky - AKCR (Czech Agrarian Chamber)'s farmer representation and market access community build trusted professional identity and direct buyer connections.,http://agrocr.cz/,international_leads.csv,verified_current_official_member_directory; contact_surface_needs_manual_review
Landbrug & Fødevarer,https://agricultureandfood.dk/,3_general_farming,General farming relevance,Danish/English,Denmark,farmer_association_group,,2026-07-01,https://wfo-oma.org/members/list-members,farmer representation and market access,FarmerBook's professional farmer profiles and commission-free produce marketplace could help Landbrug & Fødevarer's farmer representation and market access community build trusted professional identity and direct buyer connections.,https://agricultureandfood.dk/,international_leads.csv,verified_current_official_member_directory; contact_surface_needs_manual_review
Landbrug & Fødevarer -  Danish Agriculture and Food Council - DAFC,http://lf.dk/,3_general_farming,General farming relevance,Danish/English,Denmark,farmer_association_group,,2026-07-08,https://copa-cogeca.eu/home/copa_members,farmer representation and market access,FarmerBook's professional farmer profiles and commission-free produce marketplace could help Landbrug & Fødevarer -  Danish Agriculture and Food Council - DAFC's farmer representation and market access community build trusted professional identity and direct buyer connections.,http://lf.dk/,international_leads.csv,verified_current_official_member_directory; contact_surface_needs_manual_review
Land- en Tuinbouw Organisatie Nederland (LTO Nederland),http://lto.nl/,3_general_farming,General farming relevance,Dutch,Netherlands,farmer_association_group,,2026-07-01,https://wfo-oma.org/members/list-members,farmer representation and market access,FarmerBook's professional farmer profiles and commission-free produce marketplace could help Land- en Tuinbouw Organisatie Nederland (LTO Nederland)'s farmer representation and market access community build trusted professional identity and direct buyer connections.,http://lto.nl/,international_leads.csv,verified_current_official_member_directory; contact_surface_needs_manual_review
Boerenbond (BB),https://boerenbond.be/,3_general_farming,General farming relevance,Dutch/French,Belgium,farmer_association_group,,2026-07-01,https://wfo-oma.org/members/list-members,farmer representation and market access,FarmerBook's professional farmer profiles and commission-free produce marketplace could help Boerenbond (BB)'s farmer representation and market access community build trusted professional identity and direct buyer connections.,https://boerenbond.be/,international_leads.csv,verified_current_official_member_directory; contact_surface_needs_manual_review
Groene Kring,http://groenekring.be/,3_general_farming,General farming relevance,Dutch/French,Belgium,farmer_association_group,,2026-07-01,https://wfo-oma.org/members/list-members,farmer representation and market access,FarmerBook's professional farmer profiles and commission-free produce marketplace could help Groene Kring's farmer representation and market access community build trusted professional identity and direct buyer connections.,http://groenekring.be/,international_leads.csv,verified_current_official_member_directory; contact_surface_needs_manual_review
National Farmers’ Federation (NFF),https://nff.org.au/,3_general_farming,General farming relevance,English,Australia,farmer_association_group,,2026-07-01,https://wfo-oma.org/members/list-members,farmer representation and market access,FarmerBook's professional farmer profiles and commission-free produce marketplace could help National Farmers’ Federation (NFF)'s farmer representation and market access community build trusted professional identity and direct buyer connections.,https://nff.org.au/,international_leads.csv,verified_current_official_member_directory; contact_surface_needs_manual_review
NSW Farmers,https://nswfarmers.org.au/,3_general_farming,General farming relevance,English,Australia,farmer_association_group,,2026-08-17,https://nswfarmers.org.au/NewsEvents,farmer advocacy and member services,FarmerBook's professional farmer profiles and commission-free produce marketplace could help NSW Farmers's farmer advocacy and member services community build trusted professional identity and direct buyer connections.,https://nswfarmers.org.au/contact-us,international_leads.csv,verified_official_site_and_public_contact_surface; no_contact_values_collected
Victorian Farmers Federation,https://vff.org.au/,3_general_farming,General farming relevance,English,Australia,farmer_association_group,,2026-08-17,https://vff.org.au/category/vff-news,state farmer representation,FarmerBook's professional farmer profiles and commission-free produce marketplace could help Victorian Farmers Federation's state farmer representation community build trusted professional identity and direct buyer connections.,https://vff.org.au/contact,international_leads.csv,verified_official_site_and_public_contact_surface; no_contact_values_collected
Coalition of Farmers Ghana (COFAG),https://facebook.com/cofaghana,3_general_farming,General farming relevance,English,Ghana,farmer_association_group,,2026-07-01,https://wfo-oma.org/members/list-members,farmer representation and market access,FarmerBook's professional farmer profiles and commission-free produce marketplace could help Coalition of Farmers Ghana (COFAG)'s farmer representation and market access community build trusted professional identity and direct buyer connections.,https://facebook.com/cofaghana,international_leads.csv,verified_current_official_member_directory; contact_surface_needs_manual_review
Peace and Love Young Farmers Association LBG (PLYFA LBG),https://plyfa.org/,3_general_farming,General farming relevance,English,Ghana,farmer_association_group,,2026-07-01,https://wfo-oma.org/members/list-members,young farmers,FarmerBook's professional farmer profiles and commission-free produce marketplace could help Peace and Love Young Farmers Association LBG (PLYFA LBG)'s young farmers community build trusted professional identity and direct buyer connections.,https://plyfa.org/,international_leads.csv,verified_current_official_member_directory; contact_surface_needs_manual_review
Irish Creamery Milk Suppliers Association,https://icmsa.ie/,3_general_farming,General farming relevance,English,Ireland,farmer_association_group,,2026-08-17,https://icmsa.ie/news-and-events,dairy and livestock farmers,FarmerBook's professional farmer profiles and commission-free produce marketplace could help Irish Creamery Milk Suppliers Association's dairy and livestock farmers community build trusted professional identity and direct buyer connections.,https://icmsa.ie/contact-us,international_leads.csv,verified_official_site_and_public_contact_surface; no_contact_values_collected
Irish Farmers’ Association (IFA),https://ifa.ie/,3_general_farming,General farming relevance,English,Ireland,farmer_association_group,,2026-07-01,https://wfo-oma.org/members/list-members,farmer representation and market access,FarmerBook's professional farmer profiles and commission-free produce marketplace could help Irish Farmers’ Association (IFA)'s farmer representation and market access community build trusted professional identity and direct buyer connections.,https://ifa.ie/,international_leads.csv,verified_current_official_member_directory; contact_surface_needs_manual_review
Beef + Lamb New Zealand Ltd,https://beeflambnz.com/,3_general_farming,General farming relevance,English,New Zealand,farmer_association_group,,2026-07-01,https://wfo-oma.org/members/list-members,livestock producers,FarmerBook's professional farmer profiles and commission-free produce marketplace could help Beef + Lamb New Zealand Ltd's livestock producers community build trusted professional identity and direct buyer connections.,https://beeflambnz.com/,international_leads.csv,verified_current_official_member_directory; contact_surface_needs_manual_review
Federated Farmers of New Zealand,http://fedfarm.org.nz/,3_general_farming,General farming relevance,English,New Zealand,farmer_association_group,,2026-07-01,https://wfo-oma.org/members/list-members,farmer representation and market access,FarmerBook's professional farmer profiles and commission-free produce marketplace could help Federated Farmers of New Zealand's farmer representation and market access community build trusted professional identity and direct buyer connections.,http://fedfarm.org.nz/,international_leads.csv,verified_current_official_member_directory; contact_surface_needs_manual_review
Ulster Farmers Union,https://ufuni.org/,3_general_farming,General farming relevance,English,Northern Ireland,farmer_association_group,,2026-08-17,https://ufuni.org/news,farmer representation,FarmerBook's professional farmer profiles and commission-free produce marketplace could help Ulster Farmers Union's farmer representation community build trusted professional identity and direct buyer connections.,https://ufuni.org/contact-us,international_leads.csv,verified_official_site_and_public_contact_surface; no_contact_values_collected
African Farmers Association of South Africa (AFASA),https://afasa.org.za/,3_general_farming,General farming relevance,English,South Africa,farmer_association_group,,2026-07-01,https://wfo-oma.org/members/list-members,farmer representation and market access,FarmerBook's professional farmer profiles and commission-free produce marketplace could help African Farmers Association of South Africa (AFASA)'s farmer representation and market access community build trusted professional identity and direct buyer connections.,https://afasa.org.za/,international_leads.csv,verified_current_official_member_directory; contact_surface_needs_manual_review
Southern African Agri Initiative (SAAI),https://saai.org/en,3_general_farming,General farming relevance,English,South Africa,farmer_association_group,,2026-07-01,https://wfo-oma.org/members/list-members,farmer representation and market access,FarmerBook's professional farmer profiles and commission-free produce marketplace could help Southern African Agri Initiative (SAAI)'s farmer representation and market access community build trusted professional identity and direct buyer connections.,https://saai.org/en,international_leads.csv,verified_current_official_member_directory; contact_surface_needs_manual_review
National Alliance of Agricultural Co-operatives in Uganda (NAAC),https://naacug.org/,3_general_farming,General farming relevance,English,Uganda,farmer_association_group,,2026-07-01,https://wfo-oma.org/members/list-members,farmer representation and market access,FarmerBook's professional farmer profiles and commission-free produce marketplace could help National Alliance of Agricultural Co-operatives in Uganda (NAAC)'s farmer representation and market access community build trusted professional identity and direct buyer connections.,https://naacug.org/,international_leads.csv,verified_current_official_member_directory; contact_surface_needs_manual_review
Uganda National Farmers Federation (UNFFE),http://unffe.org.ug/,3_general_farming,General farming relevance,English,Uganda,farmer_association_group,,2026-07-01,https://wfo-oma.org/members/list-members,farmer representation and market access,FarmerBook's professional farmer profiles and commission-free produce marketplace could help Uganda National Farmers Federation (UNFFE)'s farmer representation and market access community build trusted professional identity and direct buyer connections.,http://unffe.org.ug/,international_leads.csv,verified_current_official_member_directory; contact_surface_needs_manual_review
Tom Pemberton Farm Life,https://youtube.com/channel/UCuNIKo9EMJZ_FdZfGnM9G1w,3_general_farming,General farming relevance,English,UK,youtube_creator,,2026-08-17,https://youtube.com/channel/UCuNIKo9EMJZ_FdZfGnM9G1w/videos,dairy farming and farm retail,FarmerBook's professional farmer profiles and commission-free produce marketplace could help Tom Pemberton Farm Life's dairy farming and farm retail community build trusted professional identity and direct buyer connections.,https://pembertonsfarmshop.co.uk/tpfarmlife,international_leads.csv,verified_creator_site_and_official_youtube; no_contact_values_collected
Farmer Veteran Coalition,https://farmvetco.org/,3_general_farming,General farming relevance,English,USA,farmer_association_group,,2026-08-17,https://farmvetco.org/stories,farmer veterans,FarmerBook's professional farmer profiles and commission-free produce marketplace could help Farmer Veteran Coalition's farmer veterans community build trusted professional identity and direct buyer connections.,https://farmvetco.org/about-us/contact-us-2,international_leads.csv,verified_official_site_and_public_contact_surface; no_contact_values_collected
Federation of Southern Cooperatives,https://federation.coop/,3_general_farming,General farming relevance,English,USA,farmer_association_group,,2026-08-17,https://federation.coop/news,farmer cooperatives and Black farmers,FarmerBook's professional farmer profiles and commission-free produce marketplace could help Federation of Southern Cooperatives's farmer cooperatives and Black farmers community build trusted professional identity and direct buyer connections.,https://federation.coop/contact,international_leads.csv,verified_official_site_and_public_contact_surface; no_contact_values_collected
How Farms Work,https://youtube.com/user/ryanfun1,3_general_farming,General farming relevance,English,USA,youtube_creator,,2026-08-17,https://youtube.com/user/ryanfun1/videos,practical farm operations and equipment,FarmerBook's professional farmer profiles and commission-free produce marketplace could give How Farms Work's practical-farming audience trusted professional identities and direct buyer connections.,https://howfarmswork.com/contact.html,international_leads.csv,verified_creator_site_and_official_youtube; no_contact_values_collected
Larson Farms,https://youtube.com/channel/UC1oEXMoRAeYu8Vj21F5xzLg,3_general_farming,General farming relevance,English,USA,youtube_creator,,2026-08-17,https://youtube.com/channel/UC1oEXMoRAeYu8Vj21F5xzLg/videos,row crop farming and machinery,FarmerBook's professional farmer profiles and commission-free produce marketplace could give Larson Farms' row-crop audience trusted professional identities and direct buyer connections.,https://larsonfarms.com/,international_leads.csv,verified_creator_site_and_official_youtube; no_contact_values_collected
Millennial Farmer,https://youtube.com/c/MNMillennialFarmer,3_general_farming,General farming relevance,English,USA,youtube_creator,,2026-08-17,https://youtube.com/c/MNMillennialFarmer/videos,row crop farming and public farm education,FarmerBook's professional farmer profiles and commission-free produce marketplace could give Millennial Farmer's farm audience trusted professional identities and direct buyer connections.,https://mnmillennialfarmer.com/sponsorship-opportunities,international_leads.csv,verified_creator_site_and_official_youtube; no_contact_values_collected
Sonne Farms,https://youtube.com/channel/UCSTZGtlBaX5ympBGEnG13Uw,3_general_farming,General farming relevance,English,USA,youtube_creator,,2026-08-17,https://youtube.com/channel/UCSTZGtlBaX5ympBGEnG13Uw/videos,beef cattle and crop farming,FarmerBook's professional farmer profiles and commission-free produce marketplace could give Sonne Farms' livestock-and-crop audience trusted professional identities and direct buyer connections.,https://sonnefarms.com/,international_leads.csv,verified_creator_site_and_official_youtube; no_contact_values_collected
Welker Farms,https://youtube.com/welkerfarmsinc,3_general_farming,General farming relevance,English,USA,youtube_creator,,2026-08-17,https://youtube.com/welkerfarmsinc/videos,large-scale grain farming and machinery,FarmerBook's professional farmer profiles and commission-free produce marketplace could give Welker Farms' grain-farming audience trusted professional identities and direct buyer connections.,https://welkerfarmsinc.com/,international_leads.csv,verified_creator_site_and_official_youtube; no_contact_values_collected
Commercial Farmers’ Union of Zimbabwe (CFU),http://cfuzim.org/,3_general_farming,General farming relevance,English,Zimbabwe,farmer_association_group,,2026-07-01,https://wfo-oma.org/members/list-members,farmer representation and market access,FarmerBook's professional farmer profiles and commission-free produce marketplace could help Commercial Farmers’ Union of Zimbabwe (CFU)'s farmer representation and market access community build trusted professional identity and direct buyer connections.,http://cfuzim.org/,international_leads.csv,verified_current_official_member_directory; contact_surface_needs_manual_review
Zimbabwe Farmers Union (ZFU),http://zfu.org.zw/,3_general_farming,General farming relevance,English,Zimbabwe,farmer_association_group,,2026-07-01,https://wfo-oma.org/members/list-members,farmer representation and market access,FarmerBook's professional farmer profiles and commission-free produce marketplace could help Zimbabwe Farmers Union (ZFU)'s farmer representation and market access community build trusted professional identity and direct buyer connections.,http://zfu.org.zw/,international_leads.csv,verified_current_official_member_directory; contact_surface_needs_manual_review
Canadian Federation of Agriculture (CFA-FCA),http://cfa-fca.ca/,3_general_farming,General farming relevance,English/French,Canada,farmer_association_group,,2026-07-01,https://wfo-oma.org/members/list-members,farmer representation and market access,FarmerBook's professional farmer profiles and commission-free produce marketplace could help Canadian Federation of Agriculture (CFA-FCA)'s farmer representation and market access community build trusted professional identity and direct buyer connections.,http://cfa-fca.ca/,international_leads.csv,verified_current_official_member_directory; contact_surface_needs_manual_review
Ontario Federation of Agriculture,https://ofa.on.ca/,3_general_farming,General farming relevance,English/French,Canada,farmer_association_group,,2026-08-17,https://ofa.on.ca/newsroom,provincial agricultural producers,FarmerBook's professional farmer profiles and commission-free produce marketplace could help Ontario Federation of Agriculture's provincial agricultural producers community build trusted professional identity and direct buyer connections.,https://ofa.on.ca/contact-us,international_leads.csv,verified_official_site_and_public_contact_surface; no_contact_values_collected
Quick Dick McDick,https://youtube.com/channel/UCQCdsHLE7N7HHGlHzYkKmwA,3_general_farming,General farming relevance,English/French,Canada,youtube_creator,,2026-08-17,https://youtube.com/channel/UCQCdsHLE7N7HHGlHzYkKmwA/videos,prairie farming and rural commentary,FarmerBook's professional farmer profiles and commission-free produce marketplace could give Quick Dick McDick's prairie-farming audience trusted professional identities and direct buyer connections.,https://quickdickmcdick.ca/pages/contact-us,international_leads.csv,verified_creator_site_and_official_youtube; no_contact_values_collected
F.A.L.C.O.N. Association,https://falconcitizenleague736158798.wordpress.com/,3_general_farming,General farming relevance,English/French,Mauritius,farmer_association_group,,2026-07-01,https://wfo-oma.org/members/list-members,farmer representation and market access,FarmerBook's professional farmer profiles and commission-free produce marketplace could help F.A.L.C.O.N. Association's farmer representation and market access community build trusted professional identity and direct buyer connections.,https://falconcitizenleague736158798.wordpress.com/,international_leads.csv,verified_current_official_member_directory; contact_surface_needs_manual_review
Koperattivi Malta,http://cooperatives-malta.coop/,3_general_farming,General farming relevance,English/Maltese,Malta,farmer_association_group,,2026-07-08,https://copa-cogeca.eu/home/copa_members,farmer representation and market access,FarmerBook's professional farmer profiles and commission-free produce marketplace could help Koperattivi Malta's farmer representation and market access community build trusted professional identity and direct buyer connections.,http://cooperatives-malta.coop/,international_leads.csv,verified_current_official_member_directory; contact_surface_needs_manual_review
African Forum for Agricultural Advisory Services,https://afaas-africa.org/,3_general_farming,General farming relevance,English/Multilingual,Africa,farmer_association_group,,2026-08-17,https://afaas-africa.org/blog,farmer advisory services and extension,FarmerBook's professional farmer profiles and commission-free produce marketplace could help African Forum for Agricultural Advisory Services's farmer advisory services and extension community build trusted professional identity and direct buyer connections.,https://afaas-africa.org/contact-us,international_leads.csv,verified_official_site_and_public_contact_surface; no_contact_values_collected
Fairtrade Africa,https://fairtrade.net/africa-en.html,3_general_farming,General farming relevance,English/Multilingual,Africa,farmer_association_group,,2026-08-17,https://fairtrade.net/africa-en/why-fairtrade/impact/impact-stories-.html,producer networks and fair market access,FarmerBook's professional farmer profiles and commission-free produce marketplace could help Fairtrade Africa's producer networks and fair market access community build trusted professional identity and direct buyer connections.,https://fairtrade.net/africa-en/contact-us/report-a-concern.html,international_leads.csv,verified_official_site_and_public_contact_surface; no_contact_values_collected
Pan African Farmers Organisation,https://pafo-africa.org/,3_general_farming,General farming relevance,English/Multilingual,Africa,farmer_association_group,,2026-08-17,https://pafo-africa.org/newsletter-4,continental farmer representation,FarmerBook's professional farmer profiles and commission-free produce marketplace could help Pan African Farmers Organisation's continental farmer representation community build trusted professional identity and direct buyer connections.,https://pafo-africa.org/,international_leads.csv,verified_official_site_and_public_contact_surface; no_contact_values_collected
Botswana Farmers Association (BOFA),https://facebook.com/bofabw,3_general_farming,General farming relevance,English/Multilingual,Botswana,farmer_association_group,,2026-07-01,https://wfo-oma.org/members/list-members,farmer representation and market access,FarmerBook's professional farmer profiles and commission-free produce marketplace could help Botswana Farmers Association (BOFA)'s farmer representation and market access community build trusted professional identity and direct buyer connections.,https://facebook.com/bofabw,international_leads.csv,verified_current_official_member_directory; contact_surface_needs_manual_review
Bull Breeding Association Bulgaria (BBAB),https://bbab.bg/?lang=en,3_general_farming,General farming relevance,English/Multilingual,Bulgaria,farmer_association_group,,2026-07-01,https://wfo-oma.org/members/list-members,farmer representation and market access,FarmerBook's professional farmer profiles and commission-free produce marketplace could help Bull Breeding Association Bulgaria (BBAB)'s farmer representation and market access community build trusted professional identity and direct buyer connections.,https://bbab.bg/?lang=en,international_leads.csv,verified_current_official_member_directory; contact_surface_needs_manual_review
Fédération Nationale des Jeunes Professionnels Agricoles du Faso (FNJPA-F),https://facebook.com/fnjpaf,3_general_farming,General farming relevance,English/Multilingual,Burkina Faso,farmer_association_group,,2026-07-01,https://wfo-oma.org/members/list-members,young farmers,FarmerBook's professional farmer profiles and commission-free produce marketplace could help Fédération Nationale des Jeunes Professionnels Agricoles du Faso (FNJPA-F)'s young farmers community build trusted professional identity and direct buyer connections.,https://facebook.com/fnjpaf,international_leads.csv,verified_current_official_member_directory; contact_surface_needs_manual_review
Concertation Nationale des Organisations Paysannes du Burundi (CNOP-Burundi),https://facebook.com/cnopburundi.developpement,3_general_farming,General farming relevance,English/Multilingual,Burundi,farmer_association_group,,2026-07-01,https://wfo-oma.org/members/list-members,farmer representation and market access,FarmerBook's professional farmer profiles and commission-free produce marketplace could help Concertation Nationale des Organisations Paysannes du Burundi (CNOP-Burundi)'s farmer representation and market access community build trusted professional identity and direct buyer connections.,https://facebook.com/cnopburundi.developpement,international_leads.csv,verified_current_official_member_directory; contact_surface_needs_manual_review
Cambodian Farmer Federation Association of Agricultural Producers (CFAP),https://cfap-cambodia.org/,3_general_farming,General farming relevance,English/Multilingual,Cambodia,farmer_association_group,,2026-07-01,https://wfo-oma.org/members/list-members,farmer representation and market access,FarmerBook's professional farmer profiles and commission-free produce marketplace could help Cambodian Farmer Federation Association of Agricultural Producers (CFAP)'s farmer representation and market access community build trusted professional identity and direct buyer connections.,https://cfap-cambodia.org/,international_leads.csv,verified_current_official_member_directory; contact_surface_needs_manual_review
CEJA European Council of Young Farmers,https://ceja.eu/,3_general_farming,General farming relevance,English/Multilingual,Europe,farmer_association_group,,2026-08-17,https://ceja.eu/news,young farmer representation,FarmerBook's professional farmer profiles and commission-free produce marketplace could help CEJA European Council of Young Farmers's young farmer representation community build trusted professional identity and direct buyer connections.,https://ceja.eu/contact,international_leads.csv,verified_official_site_and_public_contact_surface; no_contact_values_collected
Copa-Cogeca,https://copa-cogeca.eu/,3_general_farming,General farming relevance,English/Multilingual,Europe,farmer_association_group,,2026-08-17,https://copa-cogeca.eu/press-releases,farmers and agricultural cooperatives,FarmerBook's professional farmer profiles and commission-free produce marketplace could help Copa-Cogeca's farmers and agricultural cooperatives community build trusted professional identity and direct buyer connections.,https://copa-cogeca.eu/home/ContactUs,international_leads.csv,verified_official_site_and_public_contact_surface; no_contact_values_collected
Global Farmer Network,https://globalfarmernetwork.org/,3_general_farming,General farming relevance,English/Multilingual,Global,farmer_association_group,,2026-08-17,https://globalfarmernetwork.org/blog,farmer-to-farmer global network,FarmerBook's professional farmer profiles and commission-free produce marketplace could help Global Farmer Network's farmer-to-farmer global network community build trusted professional identity and direct buyer connections.,https://globalfarmernetwork.org/contact-us,international_leads.csv,verified_official_site_and_public_contact_surface; no_contact_values_collected
Nemzeti Agrárgazdasági Kamara  -  HCA (Hungarian Chamber of Agriculture),http://nak.hu/,3_general_farming,General farming relevance,English/Multilingual,Hungary,farmer_association_group,,2026-07-08,https://copa-cogeca.eu/home/copa_members,farmer representation and market access,FarmerBook's professional farmer profiles and commission-free produce marketplace could help Nemzeti Agrárgazdasági Kamara  -  HCA (Hungarian Chamber of Agriculture)'s farmer representation and market access community build trusted professional identity and direct buyer connections.,http://nak.hu/,international_leads.csv,verified_current_official_member_directory; contact_surface_needs_manual_review
Coalition Paysanne de Madagascar (FTM/CPM),https://cpm.mg/,3_general_farming,General farming relevance,English/Multilingual,Madagascar,farmer_association_group,,2026-07-01,https://wfo-oma.org/members/list-members,farmer representation and market access,FarmerBook's professional farmer profiles and commission-free produce marketplace could help Coalition Paysanne de Madagascar (FTM/CPM)'s farmer representation and market access community build trusted professional identity and direct buyer connections.,https://cpm.mg/,international_leads.csv,verified_current_official_member_directory; contact_surface_needs_manual_review
FIFATA,http://fifata.net/,3_general_farming,General farming relevance,English/Multilingual,Madagascar,farmer_association_group,,2026-07-01,https://wfo-oma.org/members/list-members,farmer representation and market access,FarmerBook's professional farmer profiles and commission-free produce marketplace could help FIFATA's farmer representation and market access community build trusted professional identity and direct buyer connections.,http://fifata.net/,international_leads.csv,verified_current_official_member_directory; contact_surface_needs_manual_review
Farmers Union of Malawi (FUM),https://facebook.com/@farmersunionmw,3_general_farming,General farming relevance,English/Multilingual,Malawi,farmer_association_group,,2026-07-01,https://wfo-oma.org/members/list-members,farmer representation and market access,FarmerBook's professional farmer profiles and commission-free produce marketplace could help Farmers Union of Malawi (FUM)'s farmer representation and market access community build trusted professional identity and direct buyer connections.,https://facebook.com/@farmersunionmw,international_leads.csv,verified_current_official_member_directory; contact_surface_needs_manual_review
Southern African Confederation of Agricultural Unions,https://sacau.org/,3_general_farming,General farming relevance,English/Multilingual,Southern Africa,farmer_association_group,,2026-08-17,https://sacau.org/category/news,regional agricultural unions,FarmerBook's professional farmer profiles and commission-free produce marketplace could help Southern African Confederation of Agricultural Unions's regional agricultural unions community build trusted professional identity and direct buyer connections.,https://sacau.org/contact-us,international_leads.csv,verified_official_site_and_public_contact_surface; no_contact_values_collected
UK National Farmers’ Union (UK NFU),https://nfuonline.com/,3_general_farming,General farming relevance,English/Multilingual,Uk,farmer_association_group,,2026-07-01,https://wfo-oma.org/members/list-members,farmer representation and market access,FarmerBook's professional farmer profiles and commission-free produce marketplace could help UK National Farmers’ Union (UK NFU)'s farmer representation and market access community build trusted professional identity and direct buyer connections.,https://nfuonline.com/,international_leads.csv,verified_current_official_member_directory; contact_surface_needs_manual_review
US National Farmers Union (US NFU),https://nfu.org/,3_general_farming,General farming relevance,English/Multilingual,Usa,farmer_association_group,,2026-07-01,https://wfo-oma.org/members/list-members,farmer representation and market access,FarmerBook's professional farmer profiles and commission-free produce marketplace could help US National Farmers Union (US NFU)'s farmer representation and market access community build trusted professional identity and direct buyer connections.,https://nfu.org/,international_leads.csv,verified_current_official_member_directory; contact_surface_needs_manual_review
Eastern Africa Farmers Federation,https://eaffu.org/,3_general_farming,General farming relevance,English/Swahili,East Africa,farmer_association_group,,2026-08-17,https://eaffu.org/news,regional farmer federation,FarmerBook's professional farmer profiles and commission-free produce marketplace could help Eastern Africa Farmers Federation's regional farmer federation community build trusted professional identity and direct buyer connections.,https://eaffu.org/contact-us,international_leads.csv,verified_official_site_and_public_contact_surface; no_contact_values_collected
Kenya National Farmers’ Federation (KENAFF),https://kenaff.org/,3_general_farming,General farming relevance,English/Swahili,Kenya,farmer_association_group,,2026-07-01,https://wfo-oma.org/members/list-members,farmer representation and market access,FarmerBook's professional farmer profiles and commission-free produce marketplace could help Kenya National Farmers’ Federation (KENAFF)'s farmer representation and market access community build trusted professional identity and direct buyer connections.,https://kenaff.org/,international_leads.csv,verified_current_official_member_directory; contact_surface_needs_manual_review
"Eesti Põllumajandus-Kaubanduskoda - EPKK (Estonian Chamber of Agriculture and Commerce
Estonian Farmers Organisations and Chamber of Agriculture and Commerce)",http://epkk.ee/,3_general_farming,General farming relevance,Estonian,Estonia,farmer_association_group,,2026-07-08,https://copa-cogeca.eu/home/copa_members,farmer representation and market access,"FarmerBook's professional farmer profiles and commission-free produce marketplace could help Eesti Põllumajandus-Kaubanduskoda - EPKK (Estonian Chamber of Agriculture and Commerce
Estonian Farmers Organisations and Chamber of Agriculture and Commerce)'s farmer representation and market access community build trusted professional identity and direct buyer connections.",http://epkk.ee/,international_leads.csv,verified_current_official_member_directory; contact_surface_needs_manual_review
Maa- ja metsätaloustuottajain Keskusliitto (MTK),https://mtk.fi/,3_general_farming,General farming relevance,Finnish/Swedish,Finland,farmer_association_group,,2026-07-01,https://wfo-oma.org/members/list-members,farmer representation and market access,FarmerBook's professional farmer profiles and commission-free produce marketplace could help Maa- ja metsätaloustuottajain Keskusliitto (MTK)'s farmer representation and market access community build trusted professional identity and direct buyer connections.,https://mtk.fi/,international_leads.csv,verified_current_official_member_directory; contact_surface_needs_manual_review
Confédération Nationale des Producteurs Agricoles du Congo (CONAPAC),https://conapacrdc.org/,3_general_farming,General farming relevance,French,Dr Congo,farmer_association_group,,2026-07-01,https://wfo-oma.org/members/list-members,farmer representation and market access,FarmerBook's professional farmer profiles and commission-free produce marketplace could help Confédération Nationale des Producteurs Agricoles du Congo (CONAPAC)'s farmer representation and market access community build trusted professional identity and direct buyer connections.,https://conapacrdc.org/,international_leads.csv,verified_current_official_member_directory; contact_surface_needs_manual_review
Réseau pour la Sécurité et la Souveraineté Alimentaire en République Démocratique du Congo (RESSAC),https://ressacnetwork.org/,3_general_farming,General farming relevance,French,Dr Congo,farmer_association_group,,2026-07-01,https://wfo-oma.org/members/list-members,farmer representation and market access,FarmerBook's professional farmer profiles and commission-free produce marketplace could help Réseau pour la Sécurité et la Souveraineté Alimentaire en République Démocratique du Congo (RESSAC)'s farmer representation and market access community build trusted professional identity and direct buyer connections.,https://ressacnetwork.org/,international_leads.csv,verified_current_official_member_directory; contact_surface_needs_manual_review
Chambres d'agriculture France  (APCA),http://apca.chambagri.fr/,3_general_farming,General farming relevance,French,France,farmer_association_group,,2026-07-08,https://copa-cogeca.eu/home/copa_members,farmer representation and market access,FarmerBook's professional farmer profiles and commission-free produce marketplace could help Chambres d'agriculture France  (APCA)'s farmer representation and market access community build trusted professional identity and direct buyer connections.,http://apca.chambagri.fr/,international_leads.csv,verified_current_official_member_directory; contact_surface_needs_manual_review
Fédération Nationale des Syndicats d’Exploitants Agricoles (FNSEA),https://fnsea.fr/,3_general_farming,General farming relevance,French,France,farmer_association_group,,2026-07-01,https://wfo-oma.org/members/list-members,farmer representation and market access,FarmerBook's professional farmer profiles and commission-free produce marketplace could help Fédération Nationale des Syndicats d’Exploitants Agricoles (FNSEA)'s farmer representation and market access community build trusted professional identity and direct buyer connections.,https://fnsea.fr/,international_leads.csv,verified_current_official_member_directory; contact_surface_needs_manual_review
Organisation Agricole de Développement pour la Production des Paysans Haïtiens (OADEPROPAH-Haiti),http://oadepropahhaiti.org/,3_general_farming,General farming relevance,French/Haitian Creole,Haiti,farmer_association_group,,2026-07-01,https://wfo-oma.org/members/list-members,farmer representation and market access,FarmerBook's professional farmer profiles and commission-free produce marketplace could help Organisation Agricole de Développement pour la Production des Paysans Haïtiens (OADEPROPAH-Haiti)'s farmer representation and market access community build trusted professional identity and direct buyer connections.,http://oadepropahhaiti.org/,international_leads.csv,verified_current_official_member_directory; contact_surface_needs_manual_review
Georgian Farmers’ Association (GFA),https://gfa.org.ge/,3_general_farming,General farming relevance,Georgian,Georgia,farmer_association_group,,2026-07-01,https://wfo-oma.org/members/list-members,farmer representation and market access,FarmerBook's professional farmer profiles and commission-free produce marketplace could help Georgian Farmers’ Association (GFA)'s farmer representation and market access community build trusted professional identity and direct buyer connections.,https://gfa.org.ge/,international_leads.csv,verified_current_official_member_directory; contact_surface_needs_manual_review
Landwirtschaftskammer Österreich - LKÖ (Austrian Chamber of Agriculture),http://lk-oe.at/,3_general_farming,General farming relevance,German,Austria,farmer_association_group,,2026-07-08,https://copa-cogeca.eu/home/copa_members,farmer representation and market access,FarmerBook's professional farmer profiles and commission-free produce marketplace could help Landwirtschaftskammer Österreich - LKÖ (Austrian Chamber of Agriculture)'s farmer representation and market access community build trusted professional identity and direct buyer connections.,http://lk-oe.at/,international_leads.csv,verified_current_official_member_directory; contact_surface_needs_manual_review
Landwirtschaftskammer Österreich (LKÖ),https://lko.at/,3_general_farming,General farming relevance,German,Austria,farmer_association_group,,2026-07-01,https://wfo-oma.org/members/list-members,farmer representation and market access,FarmerBook's professional farmer profiles and commission-free produce marketplace could help Landwirtschaftskammer Österreich (LKÖ)'s farmer representation and market access community build trusted professional identity and direct buyer connections.,https://lko.at/,international_leads.csv,verified_current_official_member_directory; contact_surface_needs_manual_review
Deutscher Bauernverband e.V. (DBV),https://bauernverband.de/,3_general_farming,General farming relevance,German,Germany,farmer_association_group,,2026-07-01,https://wfo-oma.org/members/list-members,farmer representation and market access,FarmerBook's professional farmer profiles and commission-free produce marketplace could help Deutscher Bauernverband e.V. (DBV)'s farmer representation and market access community build trusted professional identity and direct buyer connections.,https://bauernverband.de/,international_leads.csv,verified_current_official_member_directory; contact_surface_needs_manual_review
Schweizer Bauernverband (SBV),https://sbv-usp.ch/de,3_general_farming,General farming relevance,German/French/Italian,Switzerland,farmer_association_group,,2026-07-01,https://wfo-oma.org/members/list-members,farmer representation and market access,FarmerBook's professional farmer profiles and commission-free produce marketplace could help Schweizer Bauernverband (SBV)'s farmer representation and market access community build trusted professional identity and direct buyer connections.,https://sbv-usp.ch/de,international_leads.csv,verified_current_official_member_directory; contact_surface_needs_manual_review
GAIA  EPICHEIREIN,http://c-gaia.gr/,3_general_farming,General farming relevance,Greek,Greece,farmer_association_group,,2026-07-08,https://copa-cogeca.eu/home/copa_members,farmer representation and market access,FarmerBook's professional farmer profiles and commission-free produce marketplace could help GAIA  EPICHEIREIN's farmer representation and market access community build trusted professional identity and direct buyer connections.,http://c-gaia.gr/,international_leads.csv,verified_current_official_member_directory; contact_surface_needs_manual_review
Kıbrıs Türk Çiftçiler Birliği,https://ciftcilerbirligi.org/iletisim,3_general_farming,General farming relevance,Greek/Turkish,Cyprus,farmer_association_group,,2026-07-01,https://wfo-oma.org/members/list-members,farmer representation and market access,FarmerBook's professional farmer profiles and commission-free produce marketplace could help Kıbrıs Türk Çiftçiler Birliği's farmer representation and market access community build trusted professional identity and direct buyer connections.,https://ciftcilerbirligi.org/iletisim,international_leads.csv,verified_current_official_member_directory; contact_surface_needs_manual_review
Panagrotikos Farmers’ Union (PANAGROTIKOS),http://panagrotikos.org.cy/,3_general_farming,General farming relevance,Greek/Turkish,Cyprus,farmer_association_group,,2026-07-01,https://wfo-oma.org/members/list-members,farmer representation and market access,FarmerBook's professional farmer profiles and commission-free produce marketplace could help Panagrotikos Farmers’ Union (PANAGROTIKOS)'s farmer representation and market access community build trusted professional identity and direct buyer connections.,http://panagrotikos.org.cy/,international_leads.csv,verified_current_official_member_directory; contact_surface_needs_manual_review
Agriculture RS Rajput,https://youtube.com/channel/UCfaFFkQzaH0WkmQJdTlfxLQ,3_general_farming,General farming relevance,Hindi,,youtube_creator,,2026-06-12,https://vidiq.com/youtube-stats/channel/%40agriculturersrajput,"Agriculture education, crop policy, MSP and animal husbandry","Its agriculture-learning audience could graduate from information to professional FarmerBook profiles and direct, commission-free buyer discovery.",https://krishipariksha.com/,hindi_leads.csv,verified_current_channel_activity_index_and_official_community_link
Agritech Guruji,https://youtube.com/@AgritechGuruji,3_general_farming,General farming relevance,Hindi,,youtube_creator,,2026-03-12,https://agritechguruji.com/,"Farm machinery, tractor reviews, crop advice and mandi information",Its machinery and mandi-aware audience could use FarmerBook to document farm capabilities and list produce commission-free to direct buyers and wholesalers.,https://agritechguruji.com/,hindi_leads.csv,verified_first_party_current_2026_content_and_canonical_channel
Apni Kheti,https://youtube.com/@ApniKheti,3_general_farming,General farming relevance,Hindi,,youtube_creator,,2026-01-16,https://youtube.com/watch?v=6wt7QV3e_Fs,Crop and livestock advisory with practical cultivation lessons,Its advisory-led growers could document their crops through FarmerBook profiles and meet direct buyers and wholesalers without paying marketplace commission.,https://apnikheti.com/,hindi_leads.csv,verified_indexed_exact_video_and_official_site
D Farming,https://youtube.com/channel/UCm52s9OT0EiSSRL7JPDyfjA,3_general_farming,General farming relevance,Hindi,,youtube_creator,,2026-04-16,https://vidiq.com/vi/youtube-stats/channel/UCm52s9OT0EiSSRL7JPDyfjA,"Crop cultivation, varietal guidance and mandi price outlooks",Its cultivation and price-outlook audience could use FarmerBook to list harvests directly to buyers and wholesalers without commission.,,hindi_leads.csv,verified_current_channel_activity_index_with_dated_videos
DD Kisan,https://youtube.com/@DDkisan,3_general_farming,General farming relevance,Hindi,,youtube_creator,,2026-08,https://prasarbharati.gov.in/hi/dd-kisan,"Weather, mandi prices, crop advisories, horticulture and animal health",Its public-service farming audience could discover FarmerBook as a complementary path to professional profiles and commission-free direct market access.,https://prasarbharati.gov.in/hi/dd-kisan,hindi_leads.csv,verified_first_party_current_program_page; exact_upload_date_not_indexed
Farming Leader,https://youtube.com/@farmingleaderOfficial,3_general_farming,General farming relevance,Hindi,,youtube_creator,,2026-06-04,https://agrospectrumindia.com/2026/06/04/balwaan-krishi-acquires-indias-largest-agri-youtube-platform.html,"Field-tested crop practices, equipment, government schemes and mandi insights",Its large practical-farming community is well aligned with FarmerBook professional grower profiles and commission-free buyer and wholesaler discovery.,https://balwaan.com/about-us,hindi_leads.csv,verified_current_2026_industry_source_and_canonical_channel
India Farming Management,https://youtube.com/@indiafarmingmanagement,3_general_farming,General farming relevance,Hindi,,youtube_creator,,2026-06-23,https://vidiq.com/youtube-stats/channel/UCtYn65BqtwwC5hg-O2gVtDA,"Dairy farm management, commercial operations and equipment",Its commercially minded dairy and farm-operations audience matches FarmerBook's professional profiles and direct commission-free market access.,,hindi_leads.csv,verified_current_channel_activity_index
Indian Farm Rover,https://youtube.com/@IndianFarmRover,3_general_farming,General farming relevance,Hindi,,youtube_creator,,2026-01-08,https://youtube.com/watch?v=mjks7f6kdLA,"Dairy, livestock and on-farm enterprise visits",Its farm-visit and dairy audience could build credible FarmerBook enterprise profiles and connect directly with relevant buyers without marketplace commission.,,hindi_leads.csv,verified_indexed_exact_video_and_canonical_channel
Kisan India,https://youtube.com/@kisanindia,3_general_farming,General farming relevance,Hindi,,youtube_creator,,2026-02-27,https://youtube.com/watch?v=q4GMPuTdtwM,"Agriculture news, livestock, mandi updates and government schemes",Its scheme- and market-focused farmers could use FarmerBook profiles to convert new opportunities into commission-free direct buyer and wholesaler relationships.,https://kisanindia.in/contact-us,hindi_leads.csv,verified_indexed_exact_video_and_first_party_site
Kisan Tak,https://youtube.com/@kisantakofficial,3_general_farming,General farming relevance,Hindi,,youtube_creator,,2026-01-07,https://youtube.com/watch?v=nufgB2qAQAY,"Crop economics, agricultural news, schemes and livestock",Its crop-market and policy audience is relevant for FarmerBook's professional farmer discovery and commission-free direct produce listings.,https://kisantak.in/,hindi_leads.csv,verified_indexed_exact_video_and_first_party_channel_link
Mhari Kheti Mhare Pashu,https://youtube.com/channel/UCLVe88C-5CAGaAuXoV2pVFA,3_general_farming,General farming relevance,Hindi,,youtube_creator,,2026-03-29,https://youtube.com/watch?v=kIPS4ivud0E,Integrated crop cultivation and animal husbandry,Its integrated farming and animal-husbandry audience could present diversified farm enterprises on FarmerBook and seek direct commission-free market connections.,,hindi_leads.csv,verified_indexed_exact_video_and_channel_id
My Kisan Dost,https://youtube.com/c/MyKisanDost,3_general_farming,General farming relevance,Hindi,,youtube_creator,,2026-01-13,https://youtube.com/watch?v=TK3vllGqyt8,Small-farm machinery and practical cultivation,Its small-farmer and machinery audience could use FarmerBook professional profiles to present farm capacity and create commission-free produce listings for direct buyers and wholesalers.,https://mykisandost.com/,hindi_leads.csv,verified_indexed_exact_video_and_canonical_channel
MANAGEIndia,https://youtube.com/manageindia,3_general_farming,General farming relevance,Hindi/English,,youtube_creator,,2026-08,https://manage.gov.in/manage-hindi/default-hindi.asp,"Agricultural extension, agripreneurship, training and high-tech farming",Its agripreneur and extension community could use FarmerBook profiles as a practical bridge from training to commission-free buyer and wholesaler access.,https://manage.gov.in/,hindi_leads.csv,verified_first_party_current_hindi_program_page_and_channel_link
Indian Agriculture Vlogs with om,https://youtube.com/@indianagriculture2964,3_general_farming,General farming relevance,Hindi/Hinglish,,youtube_creator,,2026-07-23,https://vidmaestro.com/channel/UCriDMrOI2NJ50Aj194Gh0lg,"Field work, soybean cultivation, tractors and farm machinery",Its field-work and machinery viewers could show their real farm operations on FarmerBook and connect their produce directly with buyers and wholesalers.,,hindi_leads.csv,verified_current_channel_activity_index_with_recent_video_list
Tractor Junction,https://youtube.com/@tractorjunction,3_general_farming,General farming relevance,Hindi/Hinglish,,youtube_creator,,2026-07-15,https://socialblade.com/youtube/handle/tractorjunction,Farm machinery reviews and the agricultural equipment marketplace,Its machinery-focused growers could add professional FarmerBook profiles that show operational capacity while listing produce directly to buyers without commission.,https://tractorjunction.com/contact-us,hindi_leads.csv,verified_current_channel_activity_index
Associazione Giovani Imprenditori Agricoli (AGIA),https://cia.it/associazioni-cia/agia,3_general_farming,General farming relevance,Italian,Italy,farmer_association_group,,2026-07-01,https://wfo-oma.org/members/list-members,young farmers,FarmerBook's professional farmer profiles and commission-free produce marketplace could help Associazione Giovani Imprenditori Agricoli (AGIA)'s young farmers community build trusted professional identity and direct buyer connections.,https://cia.it/associazioni-cia/agia,international_leads.csv,verified_current_official_member_directory; contact_surface_needs_manual_review
Associazione Nazionale Giovani Agricoltori (ANGA),http://confagricoltura.it/ita/anga,3_general_farming,General farming relevance,Italian,Italy,farmer_association_group,,2026-07-01,https://wfo-oma.org/members/list-members,young farmers,FarmerBook's professional farmer profiles and commission-free produce marketplace could help Associazione Nazionale Giovani Agricoltori (ANGA)'s young farmers community build trusted professional identity and direct buyer connections.,http://confagricoltura.it/ita/anga,international_leads.csv,verified_current_official_member_directory; contact_surface_needs_manual_review
JA Zenchu,https://zenchu-ja.or.jp/,3_general_farming,General farming relevance,Japanese,Japan,farmer_association_group,,2026-07-01,https://wfo-oma.org/members/list-members,farmer representation and market access,FarmerBook's professional farmer profiles and commission-free produce marketplace could help JA Zenchu's farmer representation and market access community build trusted professional identity and direct buyer connections.,https://zenchu-ja.or.jp/,international_leads.csv,verified_current_official_member_directory; contact_surface_needs_manual_review
National Chamber of Agriculture (NCA),http://nca.or.jp/,3_general_farming,General farming relevance,Japanese,Japan,farmer_association_group,,2026-07-01,https://wfo-oma.org/members/list-members,farmer representation and market access,FarmerBook's professional farmer profiles and commission-free produce marketplace could help National Chamber of Agriculture (NCA)'s farmer representation and market access community build trusted professional identity and direct buyer connections.,http://nca.or.jp/,international_leads.csv,verified_current_official_member_directory; contact_surface_needs_manual_review
Latvian Agricultural Organization Cooperation Council  - LAOCC (LOSP) (Lauksaimnieku organizāciju sadarbības padome (LOSP)),http://losp.lv/,3_general_farming,General farming relevance,Latvian,Latvia,farmer_association_group,,2026-07-08,https://copa-cogeca.eu/home/copa_members,agricultural cooperatives,FarmerBook's professional farmer profiles and commission-free produce marketplace could help Latvian Agricultural Organization Cooperation Council  - LAOCC (LOSP) (Lauksaimnieku organizāciju sadarbības padome (LOSP))'s agricultural cooperatives community build trusted professional identity and direct buyer connections.,http://losp.lv/,international_leads.csv,verified_current_official_member_directory; contact_surface_needs_manual_review
Lietuvos Respublikos žemės ūkio rūmai  - LRŽŪR ((Chamber of Agriculture of the Republic of Lithuania)),http://lus.lt/,3_general_farming,General farming relevance,Lithuanian,Lithuania,farmer_association_group,,2026-07-08,https://copa-cogeca.eu/home/copa_members,farmer representation and market access,FarmerBook's professional farmer profiles and commission-free produce marketplace could help Lietuvos Respublikos žemės ūkio rūmai  - LRŽŪR ((Chamber of Agriculture of the Republic of Lithuania))'s farmer representation and market access community build trusted professional identity and direct buyer connections.,http://lus.lt/,international_leads.csv,verified_current_official_member_directory; contact_surface_needs_manual_review
Baueren Allianz,https://facebook.com/BauerenAllianz,3_general_farming,General farming relevance,Luxembourgish/French/German,Luxembourg,farmer_association_group,,2026-07-01,https://wfo-oma.org/members/list-members,farmer representation and market access,FarmerBook's professional farmer profiles and commission-free produce marketplace could help Baueren Allianz's farmer representation and market access community build trusted professional identity and direct buyer connections.,https://facebook.com/BauerenAllianz,international_leads.csv,verified_current_official_member_directory; contact_surface_needs_manual_review
Lëtzebuerger Landjugend a Jongbaueren,http://jongbaueren.lu/llj,3_general_farming,General farming relevance,Luxembourgish/French/German,Luxembourg,farmer_association_group,,2026-07-01,https://wfo-oma.org/members/list-members,farmer representation and market access,FarmerBook's professional farmer profiles and commission-free produce marketplace could help Lëtzebuerger Landjugend a Jongbaueren's farmer representation and market access community build trusted professional identity and direct buyer connections.,http://jongbaueren.lu/llj,international_leads.csv,verified_current_official_member_directory; contact_surface_needs_manual_review
Norges Bondelag,https://bondelaget.no/,3_general_farming,General farming relevance,Norwegian,Norway,farmer_association_group,,2026-07-01,https://wfo-oma.org/members/list-members,farmer representation and market access,FarmerBook's professional farmer profiles and commission-free produce marketplace could help Norges Bondelag's farmer representation and market access community build trusted professional identity and direct buyer connections.,https://bondelaget.no/,international_leads.csv,verified_current_official_member_directory; contact_surface_needs_manual_review
Norsk Landbrukssamvirke,https://landbruk.no/,3_general_farming,General farming relevance,Norwegian,Norway,farmer_association_group,,2026-07-01,https://wfo-oma.org/members/list-members,agricultural cooperatives,FarmerBook's professional farmer profiles and commission-free produce marketplace could help Norsk Landbrukssamvirke's agricultural cooperatives community build trusted professional identity and direct buyer connections.,https://landbruk.no/,international_leads.csv,verified_current_official_member_directory; contact_surface_needs_manual_review
Federacja Branżowych Związków Producentów Rolnych - FBZPR (Federation of Agricultural Producers Union),http://fbzpr.org.pl/,3_general_farming,General farming relevance,Polish,Poland,farmer_association_group,,2026-07-08,https://copa-cogeca.eu/home/copa_members,farmer representation and market access,FarmerBook's professional farmer profiles and commission-free produce marketplace could help Federacja Branżowych Związków Producentów Rolnych - FBZPR (Federation of Agricultural Producers Union)'s farmer representation and market access community build trusted professional identity and direct buyer connections.,http://fbzpr.org.pl/,international_leads.csv,verified_current_official_member_directory; contact_surface_needs_manual_review
Krajowa Rada Izb Rolniczych (KRIR),http://krir.pl/,3_general_farming,General farming relevance,Polish,Poland,farmer_association_group,,2026-07-01,https://wfo-oma.org/members/list-members,farmer representation and market access,FarmerBook's professional farmer profiles and commission-free produce marketplace could help Krajowa Rada Izb Rolniczych (KRIR)'s farmer representation and market access community build trusted professional identity and direct buyer connections.,http://krir.pl/,international_leads.csv,verified_current_official_member_directory; contact_surface_needs_manual_review
Confederação da Agricultura e Pecuária do Brasil (CNA),https://cnabrasil.org.br/,3_general_farming,General farming relevance,Portuguese,Brazil,farmer_association_group,,2026-07-01,https://wfo-oma.org/members/list-members,farmer representation and market access,FarmerBook's professional farmer profiles and commission-free produce marketplace could help Confederação da Agricultura e Pecuária do Brasil (CNA)'s farmer representation and market access community build trusted professional identity and direct buyer connections.,https://cnabrasil.org.br/,international_leads.csv,verified_current_official_member_directory; contact_surface_needs_manual_review
Confederação dos Agricultores de Portugal (CAP),https://cap.pt/,3_general_farming,General farming relevance,Portuguese,Portugal,farmer_association_group,,2026-07-01,https://wfo-oma.org/members/list-members,farmer representation and market access,FarmerBook's professional farmer profiles and commission-free produce marketplace could help Confederação dos Agricultores de Portugal (CAP)'s farmer representation and market access community build trusted professional identity and direct buyer connections.,https://cap.pt/,international_leads.csv,verified_current_official_member_directory; contact_surface_needs_manual_review
Association of Slovak Young Farmers (ASYF),https://asyf.sk/,3_general_farming,General farming relevance,Slovak,Slovakia,farmer_association_group,,2026-07-01,https://wfo-oma.org/members/list-members,young farmers,FarmerBook's professional farmer profiles and commission-free produce marketplace could help Association of Slovak Young Farmers (ASYF)'s young farmers community build trusted professional identity and direct buyer connections.,https://asyf.sk/,international_leads.csv,verified_current_official_member_directory; contact_surface_needs_manual_review
Slovenská Poľnohospodárska a Potravinárska Komora  - SPPK (Slovak Chamber of Agriculture and Food),http://sppk.sk/,3_general_farming,General farming relevance,Slovak,Slovakia,farmer_association_group,,2026-07-08,https://copa-cogeca.eu/home/copa_members,farmer representation and market access,FarmerBook's professional farmer profiles and commission-free produce marketplace could help Slovenská Poľnohospodárska a Potravinárska Komora  - SPPK (Slovak Chamber of Agriculture and Food)'s farmer representation and market access community build trusted professional identity and direct buyer connections.,http://sppk.sk/,international_leads.csv,verified_current_official_member_directory; contact_surface_needs_manual_review
Kmetijsko Gozdarska  Zbornica Slovenije  - KGZS (Chamber of Agriculture and Forestry of Slovenia - CAFS),http://kgzs.si/,3_general_farming,General farming relevance,Slovenian,Slovenia,farmer_association_group,,2026-07-08,https://copa-cogeca.eu/home/copa_members,farmer representation and market access,FarmerBook's professional farmer profiles and commission-free produce marketplace could help Kmetijsko Gozdarska  Zbornica Slovenije  - KGZS (Chamber of Agriculture and Forestry of Slovenia - CAFS)'s farmer representation and market access community build trusted professional identity and direct buyer connections.,http://kgzs.si/,international_leads.csv,verified_current_official_member_directory; contact_surface_needs_manual_review
Asociación Argentina de Productores en Siembra Directa (Aapresid),https://aapresid.org.ar/en,3_general_farming,General farming relevance,Spanish,Argentina,farmer_association_group,,2026-07-01,https://wfo-oma.org/members/list-members,farmer representation and market access,FarmerBook's professional farmer profiles and commission-free produce marketplace could help Asociación Argentina de Productores en Siembra Directa (Aapresid)'s farmer representation and market access community build trusted professional identity and direct buyer connections.,https://aapresid.org.ar/en,international_leads.csv,verified_current_official_member_directory; contact_surface_needs_manual_review
Federación Agraria Argentina,https://faa.com.ar/,3_general_farming,General farming relevance,Spanish,Argentina,farmer_association_group,,2026-08-17,https://faa.com.ar/,small and medium farm representation,FarmerBook's professional farmer profiles and commission-free produce marketplace could help Federación Agraria Argentina's small and medium farm representation community build trusted professional identity and direct buyer connections.,https://faa.com.ar/,international_leads.csv,verified_official_site_and_public_contact_surface; no_contact_values_collected
Sociedad Rural Argentina (SRA),https://sra.ar/,3_general_farming,General farming relevance,Spanish,Argentina,farmer_association_group,,2026-07-01,https://wfo-oma.org/members/list-members,farmer representation and market access,FarmerBook's professional farmer profiles and commission-free produce marketplace could help Sociedad Rural Argentina (SRA)'s farmer representation and market access community build trusted professional identity and direct buyer connections.,https://sra.ar/,international_leads.csv,verified_current_official_member_directory; contact_surface_needs_manual_review
Asociacion Agraria - Jovenes Agricultores (ASAJA),http://asaja.com/,3_general_farming,General farming relevance,Spanish,Spain,farmer_association_group,,2026-07-08,https://copa-cogeca.eu/home/copa_members,young farmers,FarmerBook's professional farmer profiles and commission-free produce marketplace could help Asociacion Agraria - Jovenes Agricultores (ASAJA)'s young farmers community build trusted professional identity and direct buyer connections.,http://asaja.com/,international_leads.csv,verified_current_official_member_directory; contact_surface_needs_manual_review
UPA JOVEN,https://facebook.com/upajoven,3_general_farming,General farming relevance,Spanish,Spain,farmer_association_group,,2026-07-01,https://wfo-oma.org/members/list-members,young farmers,FarmerBook's professional farmer profiles and commission-free produce marketplace could help UPA JOVEN's young farmers community build trusted professional identity and direct buyer connections.,https://facebook.com/upajoven,international_leads.csv,verified_current_official_member_directory; contact_surface_needs_manual_review
Tanzania Horticultural Association,https://taha.or.tz/,3_general_farming,General farming relevance,Swahili/English,Tanzania,farmer_association_group,,2026-08-17,https://taha.or.tz/,horticulture producers,FarmerBook's professional farmer profiles and commission-free produce marketplace could help Tanzania Horticultural Association's horticulture producers community build trusted professional identity and direct buyer connections.,https://taha.or.tz/contact-us,international_leads.csv,verified_official_site_and_public_contact_surface; no_contact_values_collected
Lantbrukarnas Riksförbund (LRF),https://lrf.se/,3_general_farming,General farming relevance,Swedish,Sweden,farmer_association_group,,2026-07-01,https://wfo-oma.org/members/list-members,farmer representation and market access,FarmerBook's professional farmer profiles and commission-free produce marketplace could help Lantbrukarnas Riksförbund (LRF)'s farmer representation and market access community build trusted professional identity and direct buyer connections.,https://lrf.se/,international_leads.csv,verified_current_official_member_directory; contact_surface_needs_manual_review
Bogolu Nithish Reddy,https://youtube.com/@BogoluNithishReddy,3_general_farming,General farming relevance,Telugu,,youtube_creator,110K,2026-03 (indexed relative date; exact day unavailable),https://youtube.com/@BogoluNithishReddy,Tractors; harvesters; farm machinery and agricultural implements,Its Telugu farm-machinery audience overlaps with commercially active growers who could benefit from FarmerBook professional profiles and direct buyer relationships.,https://youtube.com/@BogoluNithishReddy/about,telugu_leads.csv,medium_official_verified_channel_plus_recent_relative_date_index
Boss Wallah - Farming (Telugu),https://youtube.com/@bosswallahfarmingtelugu,3_general_farming,General farming relevance,Telugu,,youtube_creator,537K,2026-04-17,https://youtube.com/watch?v=8VTDGz8Jcjs,Livestock; aquaculture; crop cultivation; farm business and farmer success stories,Its agripreneur audience can use FarmerBook to turn farming expertise into credible profiles and connect directly with buyers and wholesalers without marketplace commission.,https://bosswallah.ai/blog/contact-us,telugu_leads.csv,high_official_channel_plus_exact_dated_video_and_official_site
DesiKheti Telugu,https://youtube.com/@desikheti.com_official,3_general_farming,General farming relevance,Telugu,,youtube_creator,,2026-04 (indexed relative date; exact day unavailable),https://youtube.com/channel/UCOaD46LaIytWSiHhUa70EFg,Chilli and vegetable varieties; farm inputs; farmer reviews and crop solutions,Its seed-and-crop audience is closely aligned with FarmerBook profiles that let growers present their crops professionally and connect with buyers and wholesalers without commission.,https://knowledge.desikheti.com/contact-us,telugu_leads.csv,high_official_channel_plus_recent_video_index_and_official_contact_page
hmr TELUGU AGRICULTURE,https://youtube.com/@hmrTELUGUAGRICULTURE,3_general_farming,General farming relevance,Telugu,,youtube_creator,,2026-04-16,https://ragidi.com/c/hmragri/video/XlijF_A38lU,Crop agronomy; chilli cultivation; integrated pest and disease management,Its scientist-led chilli and crop-protection audience is a strong fit for FarmerBook professional farmer profiles and commission-free connections to direct buyers and wholesalers.,https://youtube.com/@hmrTELUGUAGRICULTURE/about,telugu_leads.csv,high_official_handle_plus_dated_public_video_index
Indarapu Srinivas rao,https://youtube.com/@IndarapuSrinivasrao,3_general_farming,General farming relevance,Telugu,,youtube_creator,94.2K,2026-04-15,https://youtube.com/watch?v=ldw928-cvTs,Crop cultivation; solar fencing; farm infrastructure and practical field solutions,The channel's practical farm-infrastructure audience is well matched to FarmerBook profiles that connect verified growers directly with produce buyers and wholesalers.,https://youtube.com/@IndarapuSrinivasrao/about,telugu_leads.csv,high_official_channel_plus_exact_dated_video
telugu rythu vvr,https://youtube.com/channel/UCJ8ZVlSnkpxwImnPQcR2ndw,3_general_farming,General farming relevance,Telugu,,youtube_creator,153K,2025-08-22,https://youtube.com/watch?v=-SZdoSWaSTk,Cotton cultivation; fertilizers; pesticides; farmer and expert field guidance,Its cotton-growing audience is a natural fit for FarmerBook's professional farmer profiles and direct commission-free discovery by buyers and wholesalers.,https://youtube.com/channel/UCJ8ZVlSnkpxwImnPQcR2ndw/about,telugu_leads.csv,high_verified_channel_plus_exact_dated_video
Telugu Village Agriculture,https://youtube.com/@TeluguVillageAgriculture,3_general_farming,General farming relevance,Telugu,,youtube_creator,58.6K,2025-12 (indexed relative date; exact day unavailable),https://youtube.com/@TeluguVillageAgriculture,Vegetable cultivation; grafted brinjal; fertilizers; crop growth and pest management,Its crop-specific vegetable education can introduce FarmerBook as a place for growers to build professional profiles and reach buyers without commission.,https://youtube.com/@TeluguVillageAgriculture/about,telugu_leads.csv,medium_official_channel_plus_recent_relative_date_index
Kaveri Seeds Official,https://youtube.com/@KaveriSeedsCompanyLimited,3_general_farming,General farming relevance,Telugu / multilingual,,youtube_creator,23.5K,2026-08 (indexed as latest; publish day unavailable),https://creatorcontacts.com/c/UCz8Zh0IvXoX43ikPobLLmhw,Seed technology; crop solutions; farmer success stories and agricultural insights,Its Telugu farmer-testimonial and seed audience could help FarmerBook reach growers ready to build credible crop profiles and meet direct buyers or wholesalers.,https://kaveriseeds.in/contact-us,telugu_leads.csv,medium_official_company_channel_plus_current_latest_video_index
