name,canonical_url,language,country,lead_type,audience_size,last_active,evidence_url,topic,personalization_note,official_contact_page_url,verification_status
African Forum for Agricultural Advisory Services,https://afaas-africa.org/,English/Multilingual,Africa,farmer_association_group,,2026-08-17,https://afaas-africa.org/blog/,farmer advisory services and extension,FarmerBook's professional farmer profiles and commission-free produce marketplace could help African Forum for Agricultural Advisory Services's farmer advisory services and extension community build trusted professional identity and direct buyer connections.,https://afaas-africa.org/contact-us/,verified_official_site_and_public_contact_surface; no_contact_values_collected
Sociedad Rural Argentina (SRA),https://www.sra.ar/,Spanish,Argentina,farmer_association_group,,2026-07-01,https://www.wfo-oma.org/members/list-members/,farmer representation and market access,FarmerBook's professional farmer profiles and commission-free produce marketplace could help Sociedad Rural Argentina (SRA)'s farmer representation and market access community build trusted professional identity and direct buyer connections.,https://www.sra.ar/,verified_current_official_member_directory; contact_surface_needs_manual_review
Asian Farmers Association for Sustainable Rural Development,https://asianfarmers.org,English/Multilingual,Asia,farmer_association_group,,2026-08-17,https://asianfarmers.org/category/resources/publications/impact-stories/,smallholder and family farmer networks,FarmerBook's professional farmer profiles and commission-free produce marketplace could help Asian Farmers Association for Sustainable Rural Development's smallholder and family farmer networks community build trusted professional identity and direct buyer connections.,https://asianfarmers.org,verified_official_site_and_public_contact_surface; no_contact_values_collected
National Farmers’ Federation (NFF),https://nff.org.au/,English,Australia,farmer_association_group,,2026-07-01,https://www.wfo-oma.org/members/list-members/,farmer representation and market access,FarmerBook's professional farmer profiles and commission-free produce marketplace could help National Farmers’ Federation (NFF)'s farmer representation and market access community build trusted professional identity and direct buyer connections.,https://nff.org.au/,verified_current_official_member_directory; contact_surface_needs_manual_review
Landwirtschaftskammer Österreich (LKÖ),https://www.lko.at,German,Austria,farmer_association_group,,2026-07-01,https://www.wfo-oma.org/members/list-members/,farmer representation and market access,FarmerBook's professional farmer profiles and commission-free produce marketplace could help Landwirtschaftskammer Österreich (LKÖ)'s farmer representation and market access community build trusted professional identity and direct buyer connections.,https://www.lko.at,verified_current_official_member_directory; contact_surface_needs_manual_review
Boerenbond (BB),https://www.boerenbond.be,Dutch/French,Belgium,farmer_association_group,,2026-07-01,https://www.wfo-oma.org/members/list-members/,farmer representation and market access,FarmerBook's professional farmer profiles and commission-free produce marketplace could help Boerenbond (BB)'s farmer representation and market access community build trusted professional identity and direct buyer connections.,https://www.boerenbond.be,verified_current_official_member_directory; contact_surface_needs_manual_review
Botswana Farmers Association (BOFA),https://www.facebook.com/bofabw,English/Multilingual,Botswana,farmer_association_group,,2026-07-01,https://www.wfo-oma.org/members/list-members/,farmer representation and market access,FarmerBook's professional farmer profiles and commission-free produce marketplace could help Botswana Farmers Association (BOFA)'s farmer representation and market access community build trusted professional identity and direct buyer connections.,https://www.facebook.com/bofabw,verified_current_official_member_directory; contact_surface_needs_manual_review
Confederação da Agricultura e Pecuária do Brasil (CNA),https://www.cnabrasil.org.br/,Portuguese,Brazil,farmer_association_group,,2026-07-01,https://www.wfo-oma.org/members/list-members/,farmer representation and market access,FarmerBook's professional farmer profiles and commission-free produce marketplace could help Confederação da Agricultura e Pecuária do Brasil (CNA)'s farmer representation and market access community build trusted professional identity and direct buyer connections.,https://www.cnabrasil.org.br/,verified_current_official_member_directory; contact_surface_needs_manual_review
Bull Breeding Association Bulgaria (BBAB),https://bbab.bg/?lang=en,English/Multilingual,Bulgaria,farmer_association_group,,2026-07-01,https://www.wfo-oma.org/members/list-members/,farmer representation and market access,FarmerBook's professional farmer profiles and commission-free produce marketplace could help Bull Breeding Association Bulgaria (BBAB)'s farmer representation and market access community build trusted professional identity and direct buyer connections.,https://bbab.bg/?lang=en,verified_current_official_member_directory; contact_surface_needs_manual_review
Fédération Nationale des Jeunes Professionnels Agricoles du Faso (FNJPA-F),https://www.facebook.com/fnjpaf/,English/Multilingual,Burkina Faso,farmer_association_group,,2026-07-01,https://www.wfo-oma.org/members/list-members/,young farmers,FarmerBook's professional farmer profiles and commission-free produce marketplace could help Fédération Nationale des Jeunes Professionnels Agricoles du Faso (FNJPA-F)'s young farmers community build trusted professional identity and direct buyer connections.,https://www.facebook.com/fnjpaf/,verified_current_official_member_directory; contact_surface_needs_manual_review
Concertation Nationale des Organisations Paysannes du Burundi (CNOP-Burundi),https://www.facebook.com/cnopburundi.developpement,English/Multilingual,Burundi,farmer_association_group,,2026-07-01,https://www.wfo-oma.org/members/list-members/,farmer representation and market access,FarmerBook's professional farmer profiles and commission-free produce marketplace could help Concertation Nationale des Organisations Paysannes du Burundi (CNOP-Burundi)'s farmer representation and market access community build trusted professional identity and direct buyer connections.,https://www.facebook.com/cnopburundi.developpement,verified_current_official_member_directory; contact_surface_needs_manual_review
Cambodian Farmer Federation Association of Agricultural Producers (CFAP),https://cfap-cambodia.org,English/Multilingual,Cambodia,farmer_association_group,,2026-07-01,https://www.wfo-oma.org/members/list-members/,farmer representation and market access,FarmerBook's professional farmer profiles and commission-free produce marketplace could help Cambodian Farmer Federation Association of Agricultural Producers (CFAP)'s farmer representation and market access community build trusted professional identity and direct buyer connections.,https://cfap-cambodia.org,verified_current_official_member_directory; contact_surface_needs_manual_review
Canadian Federation of Agriculture (CFA-FCA),http://www.cfa-fca.ca,English/French,Canada,farmer_association_group,,2026-07-01,https://www.wfo-oma.org/members/list-members/,farmer representation and market access,FarmerBook's professional farmer profiles and commission-free produce marketplace could help Canadian Federation of Agriculture (CFA-FCA)'s farmer representation and market access community build trusted professional identity and direct buyer connections.,http://www.cfa-fca.ca,verified_current_official_member_directory; contact_surface_needs_manual_review
Hrvatska Poljoprivredna Komora HPK (Croatian Chamber of Agriculture),http://www.komora.hr,Croatian,Croatia,farmer_association_group,,2026-07-08,https://copa-cogeca.eu/home/copa_members,farmer representation and market access,FarmerBook's professional farmer profiles and commission-free produce marketplace could help Hrvatska Poljoprivredna Komora HPK (Croatian Chamber of Agriculture)'s farmer representation and market access community build trusted professional identity and direct buyer connections.,http://www.komora.hr,verified_current_official_member_directory; contact_surface_needs_manual_review
Kıbrıs Türk Çiftçiler Birliği,https://www.ciftcilerbirligi.org/iletisim,Greek/Turkish,Cyprus,farmer_association_group,,2026-07-01,https://www.wfo-oma.org/members/list-members/,farmer representation and market access,FarmerBook's professional farmer profiles and commission-free produce marketplace could help Kıbrıs Türk Çiftçiler Birliği's farmer representation and market access community build trusted professional identity and direct buyer connections.,https://www.ciftcilerbirligi.org/iletisim,verified_current_official_member_directory; contact_surface_needs_manual_review
Agrární Komora České Republiky - AKCR (Czech Agrarian Chamber),http://www.agrocr.cz,Czech,Czech Republic,farmer_association_group,,2026-07-08,https://copa-cogeca.eu/home/copa_members,farmer representation and market access,FarmerBook's professional farmer profiles and commission-free produce marketplace could help Agrární Komora České Republiky - AKCR (Czech Agrarian Chamber)'s farmer representation and market access community build trusted professional identity and direct buyer connections.,http://www.agrocr.cz,verified_current_official_member_directory; contact_surface_needs_manual_review
Landbrug & Fødevarer,https://agricultureandfood.dk,Danish/English,Denmark,farmer_association_group,,2026-07-01,https://www.wfo-oma.org/members/list-members/,farmer representation and market access,FarmerBook's professional farmer profiles and commission-free produce marketplace could help Landbrug & Fødevarer's farmer representation and market access community build trusted professional identity and direct buyer connections.,https://agricultureandfood.dk,verified_current_official_member_directory; contact_surface_needs_manual_review
Confédération Nationale des Producteurs Agricoles du Congo (CONAPAC),https://conapacrdc.org/,French,Dr Congo,farmer_association_group,,2026-07-01,https://www.wfo-oma.org/members/list-members/,farmer representation and market access,FarmerBook's professional farmer profiles and commission-free produce marketplace could help Confédération Nationale des Producteurs Agricoles du Congo (CONAPAC)'s farmer representation and market access community build trusted professional identity and direct buyer connections.,https://conapacrdc.org/,verified_current_official_member_directory; contact_surface_needs_manual_review
Eastern Africa Farmers Federation,https://eaffu.org,English/Swahili,East Africa,farmer_association_group,,2026-08-17,https://eaffu.org/news,regional farmer federation,FarmerBook's professional farmer profiles and commission-free produce marketplace could help Eastern Africa Farmers Federation's regional farmer federation community build trusted professional identity and direct buyer connections.,https://eaffu.org/contact-us,verified_official_site_and_public_contact_surface; no_contact_values_collected
"Eesti Põllumajandus-Kaubanduskoda - EPKK (Estonian Chamber of Agriculture and Commerce
Estonian Farmers Organisations and Chamber of Agriculture and Commerce)",http://www.epkk.ee,Estonian,Estonia,farmer_association_group,,2026-07-08,https://copa-cogeca.eu/home/copa_members,farmer representation and market access,"FarmerBook's professional farmer profiles and commission-free produce marketplace could help Eesti Põllumajandus-Kaubanduskoda - EPKK (Estonian Chamber of Agriculture and Commerce
Estonian Farmers Organisations and Chamber of Agriculture and Commerce)'s farmer representation and market access community build trusted professional identity and direct buyer connections.",http://www.epkk.ee,verified_current_official_member_directory; contact_surface_needs_manual_review
CEJA European Council of Young Farmers,https://www.ceja.eu,English/Multilingual,Europe,farmer_association_group,,2026-08-17,https://www.ceja.eu/news,young farmer representation,FarmerBook's professional farmer profiles and commission-free produce marketplace could help CEJA European Council of Young Farmers's young farmer representation community build trusted professional identity and direct buyer connections.,https://www.ceja.eu/contact,verified_official_site_and_public_contact_surface; no_contact_values_collected
Maa- ja metsätaloustuottajain Keskusliitto (MTK),https://www.mtk.fi,Finnish/Swedish,Finland,farmer_association_group,,2026-07-01,https://www.wfo-oma.org/members/list-members/,farmer representation and market access,FarmerBook's professional farmer profiles and commission-free produce marketplace could help Maa- ja metsätaloustuottajain Keskusliitto (MTK)'s farmer representation and market access community build trusted professional identity and direct buyer connections.,https://www.mtk.fi,verified_current_official_member_directory; contact_surface_needs_manual_review
Fédération Nationale des Syndicats d’Exploitants Agricoles (FNSEA),https://www.fnsea.fr,French,France,farmer_association_group,,2026-07-01,https://www.wfo-oma.org/members/list-members/,farmer representation and market access,FarmerBook's professional farmer profiles and commission-free produce marketplace could help Fédération Nationale des Syndicats d’Exploitants Agricoles (FNSEA)'s farmer representation and market access community build trusted professional identity and direct buyer connections.,https://www.fnsea.fr,verified_current_official_member_directory; contact_surface_needs_manual_review
Georgian Farmers’ Association (GFA),https://gfa.org.ge/,Georgian,Georgia,farmer_association_group,,2026-07-01,https://www.wfo-oma.org/members/list-members/,farmer representation and market access,FarmerBook's professional farmer profiles and commission-free produce marketplace could help Georgian Farmers’ Association (GFA)'s farmer representation and market access community build trusted professional identity and direct buyer connections.,https://gfa.org.ge/,verified_current_official_member_directory; contact_surface_needs_manual_review
Deutscher Bauernverband e.V. (DBV),https://www.bauernverband.de,German,Germany,farmer_association_group,,2026-07-01,https://www.wfo-oma.org/members/list-members/,farmer representation and market access,FarmerBook's professional farmer profiles and commission-free produce marketplace could help Deutscher Bauernverband e.V. (DBV)'s farmer representation and market access community build trusted professional identity and direct buyer connections.,https://www.bauernverband.de,verified_current_official_member_directory; contact_surface_needs_manual_review
Coalition of Farmers Ghana (COFAG),https://www.facebook.com/cofaghana/,English,Ghana,farmer_association_group,,2026-07-01,https://www.wfo-oma.org/members/list-members/,farmer representation and market access,FarmerBook's professional farmer profiles and commission-free produce marketplace could help Coalition of Farmers Ghana (COFAG)'s farmer representation and market access community build trusted professional identity and direct buyer connections.,https://www.facebook.com/cofaghana/,verified_current_official_member_directory; contact_surface_needs_manual_review
Global Farmer Network,https://www.globalfarmernetwork.org/,English/Multilingual,Global,farmer_association_group,,2026-08-17,https://www.globalfarmernetwork.org/blog,farmer-to-farmer global network,FarmerBook's professional farmer profiles and commission-free produce marketplace could help Global Farmer Network's farmer-to-farmer global network community build trusted professional identity and direct buyer connections.,https://www.globalfarmernetwork.org/contact-us,verified_official_site_and_public_contact_surface; no_contact_values_collected
GAIA  EPICHEIREIN,http://www.c-gaia.gr,Greek,Greece,farmer_association_group,,2026-07-08,https://copa-cogeca.eu/home/copa_members,farmer representation and market access,FarmerBook's professional farmer profiles and commission-free produce marketplace could help GAIA  EPICHEIREIN's farmer representation and market access community build trusted professional identity and direct buyer connections.,http://www.c-gaia.gr,verified_current_official_member_directory; contact_surface_needs_manual_review
Organisation Agricole de Développement pour la Production des Paysans Haïtiens (OADEPROPAH-Haiti),http://oadepropahhaiti.org,French/Haitian Creole,Haiti,farmer_association_group,,2026-07-01,https://www.wfo-oma.org/members/list-members/,farmer representation and market access,FarmerBook's professional farmer profiles and commission-free produce marketplace could help Organisation Agricole de Développement pour la Production des Paysans Haïtiens (OADEPROPAH-Haiti)'s farmer representation and market access community build trusted professional identity and direct buyer connections.,http://oadepropahhaiti.org,verified_current_official_member_directory; contact_surface_needs_manual_review
Nemzeti Agrárgazdasági Kamara  -  HCA (Hungarian Chamber of Agriculture),http://www.nak.hu,English/Multilingual,Hungary,farmer_association_group,,2026-07-08,https://copa-cogeca.eu/home/copa_members,farmer representation and market access,FarmerBook's professional farmer profiles and commission-free produce marketplace could help Nemzeti Agrárgazdasági Kamara  -  HCA (Hungarian Chamber of Agriculture)'s farmer representation and market access community build trusted professional identity and direct buyer connections.,http://www.nak.hu,verified_current_official_member_directory; contact_surface_needs_manual_review
Irish Farmers’ Association (IFA),https://www.ifa.ie,English,Ireland,farmer_association_group,,2026-07-01,https://www.wfo-oma.org/members/list-members/,farmer representation and market access,FarmerBook's professional farmer profiles and commission-free produce marketplace could help Irish Farmers’ Association (IFA)'s farmer representation and market access community build trusted professional identity and direct buyer connections.,https://www.ifa.ie,verified_current_official_member_directory; contact_surface_needs_manual_review
Associazione Giovani Imprenditori Agricoli (AGIA),https://www.cia.it/associazioni-cia/agia/,Italian,Italy,farmer_association_group,,2026-07-01,https://www.wfo-oma.org/members/list-members/,young farmers,FarmerBook's professional farmer profiles and commission-free produce marketplace could help Associazione Giovani Imprenditori Agricoli (AGIA)'s young farmers community build trusted professional identity and direct buyer connections.,https://www.cia.it/associazioni-cia/agia/,verified_current_official_member_directory; contact_surface_needs_manual_review
JA Zenchu,https://www.zenchu-ja.or.jp,Japanese,Japan,farmer_association_group,,2026-07-01,https://www.wfo-oma.org/members/list-members/,farmer representation and market access,FarmerBook's professional farmer profiles and commission-free produce marketplace could help JA Zenchu's farmer representation and market access community build trusted professional identity and direct buyer connections.,https://www.zenchu-ja.or.jp,verified_current_official_member_directory; contact_surface_needs_manual_review
Kenya National Farmers’ Federation (KENAFF),https://www.kenaff.org,English/Swahili,Kenya,farmer_association_group,,2026-07-01,https://www.wfo-oma.org/members/list-members/,farmer representation and market access,FarmerBook's professional farmer profiles and commission-free produce marketplace could help Kenya National Farmers’ Federation (KENAFF)'s farmer representation and market access community build trusted professional identity and direct buyer connections.,https://www.kenaff.org,verified_current_official_member_directory; contact_surface_needs_manual_review
Latvian Agricultural Organization Cooperation Council  - LAOCC (LOSP) (Lauksaimnieku organizāciju sadarbības padome (LOSP)),http://www.losp.lv,Latvian,Latvia,farmer_association_group,,2026-07-08,https://copa-cogeca.eu/home/copa_members,agricultural cooperatives,FarmerBook's professional farmer profiles and commission-free produce marketplace could help Latvian Agricultural Organization Cooperation Council  - LAOCC (LOSP) (Lauksaimnieku organizāciju sadarbības padome (LOSP))'s agricultural cooperatives community build trusted professional identity and direct buyer connections.,http://www.losp.lv,verified_current_official_member_directory; contact_surface_needs_manual_review
Lietuvos Respublikos žemės ūkio rūmai  - LRŽŪR ((Chamber of Agriculture of the Republic of Lithuania)),http://www.lus.lt,Lithuanian,Lithuania,farmer_association_group,,2026-07-08,https://copa-cogeca.eu/home/copa_members,farmer representation and market access,FarmerBook's professional farmer profiles and commission-free produce marketplace could help Lietuvos Respublikos žemės ūkio rūmai  - LRŽŪR ((Chamber of Agriculture of the Republic of Lithuania))'s farmer representation and market access community build trusted professional identity and direct buyer connections.,http://www.lus.lt,verified_current_official_member_directory; contact_surface_needs_manual_review
Baueren Allianz,https://www.facebook.com/BauerenAllianz/,Luxembourgish/French/German,Luxembourg,farmer_association_group,,2026-07-01,https://www.wfo-oma.org/members/list-members/,farmer representation and market access,FarmerBook's professional farmer profiles and commission-free produce marketplace could help Baueren Allianz's farmer representation and market access community build trusted professional identity and direct buyer connections.,https://www.facebook.com/BauerenAllianz/,verified_current_official_member_directory; contact_surface_needs_manual_review
Coalition Paysanne de Madagascar (FTM/CPM),https://www.cpm.mg/,English/Multilingual,Madagascar,farmer_association_group,,2026-07-01,https://www.wfo-oma.org/members/list-members/,farmer representation and market access,FarmerBook's professional farmer profiles and commission-free produce marketplace could help Coalition Paysanne de Madagascar (FTM/CPM)'s farmer representation and market access community build trusted professional identity and direct buyer connections.,https://www.cpm.mg/,verified_current_official_member_directory; contact_surface_needs_manual_review
Farmers Union of Malawi (FUM),https://www.facebook.com/@farmersunionmw/,English/Multilingual,Malawi,farmer_association_group,,2026-07-01,https://www.wfo-oma.org/members/list-members/,farmer representation and market access,FarmerBook's professional farmer profiles and commission-free produce marketplace could help Farmers Union of Malawi (FUM)'s farmer representation and market access community build trusted professional identity and direct buyer connections.,https://www.facebook.com/@farmersunionmw/,verified_current_official_member_directory; contact_surface_needs_manual_review
Koperattivi Malta,http://www.cooperatives-malta.coop,English/Maltese,Malta,farmer_association_group,,2026-07-08,https://copa-cogeca.eu/home/copa_members,farmer representation and market access,FarmerBook's professional farmer profiles and commission-free produce marketplace could help Koperattivi Malta's farmer representation and market access community build trusted professional identity and direct buyer connections.,http://www.cooperatives-malta.coop,verified_current_official_member_directory; contact_surface_needs_manual_review
F.A.L.C.O.N. Association,https://falconcitizenleague736158798.wordpress.com,English/French,Mauritius,farmer_association_group,,2026-07-01,https://www.wfo-oma.org/members/list-members/,farmer representation and market access,FarmerBook's professional farmer profiles and commission-free produce marketplace could help F.A.L.C.O.N. Association's farmer representation and market access community build trusted professional identity and direct buyer connections.,https://falconcitizenleague736158798.wordpress.com,verified_current_official_member_directory; contact_surface_needs_manual_review
Land- en Tuinbouw Organisatie Nederland (LTO Nederland),http://www.lto.nl,Dutch,Netherlands,farmer_association_group,,2026-07-01,https://www.wfo-oma.org/members/list-members/,farmer representation and market access,FarmerBook's professional farmer profiles and commission-free produce marketplace could help Land- en Tuinbouw Organisatie Nederland (LTO Nederland)'s farmer representation and market access community build trusted professional identity and direct buyer connections.,http://www.lto.nl,verified_current_official_member_directory; contact_surface_needs_manual_review
Beef + Lamb New Zealand Ltd,https://beeflambnz.com/,English,New Zealand,farmer_association_group,,2026-07-01,https://www.wfo-oma.org/members/list-members/,livestock producers,FarmerBook's professional farmer profiles and commission-free produce marketplace could help Beef + Lamb New Zealand Ltd's livestock producers community build trusted professional identity and direct buyer connections.,https://beeflambnz.com/,verified_current_official_member_directory; contact_surface_needs_manual_review
Ulster Farmers Union,https://www.ufuni.org,English,Northern Ireland,farmer_association_group,,2026-08-17,https://www.ufuni.org/news,farmer representation,FarmerBook's professional farmer profiles and commission-free produce marketplace could help Ulster Farmers Union's farmer representation community build trusted professional identity and direct buyer connections.,https://www.ufuni.org/contact-us,verified_official_site_and_public_contact_surface; no_contact_values_collected
Norges Bondelag,https://www.bondelaget.no,Norwegian,Norway,farmer_association_group,,2026-07-01,https://www.wfo-oma.org/members/list-members/,farmer representation and market access,FarmerBook's professional farmer profiles and commission-free produce marketplace could help Norges Bondelag's farmer representation and market access community build trusted professional identity and direct buyer connections.,https://www.bondelaget.no,verified_current_official_member_directory; contact_surface_needs_manual_review
PAKISAMA,https://www.pakisama.com/,English/Filipino,Philippines,farmer_association_group,,2026-08-17,https://www.pakisama.com/news-and-projects/,smallholder farmer confederation,FarmerBook's professional farmer profiles and commission-free produce marketplace could help PAKISAMA's smallholder farmer confederation community build trusted professional identity and direct buyer connections.,https://www.pakisama.com/old-contact/,verified_official_site_and_public_contact_surface; no_contact_values_collected
Krajowa Rada Izb Rolniczych (KRIR),http://www.krir.pl/,Polish,Poland,farmer_association_group,,2026-07-01,https://www.wfo-oma.org/members/list-members/,farmer representation and market access,FarmerBook's professional farmer profiles and commission-free produce marketplace could help Krajowa Rada Izb Rolniczych (KRIR)'s farmer representation and market access community build trusted professional identity and direct buyer connections.,http://www.krir.pl/,verified_current_official_member_directory; contact_surface_needs_manual_review
Confederação dos Agricultores de Portugal (CAP),https://cap.pt/,Portuguese,Portugal,farmer_association_group,,2026-07-01,https://www.wfo-oma.org/members/list-members/,farmer representation and market access,FarmerBook's professional farmer profiles and commission-free produce marketplace could help Confederação dos Agricultores de Portugal (CAP)'s farmer representation and market access community build trusted professional identity and direct buyer connections.,https://cap.pt/,verified_current_official_member_directory; contact_surface_needs_manual_review
Association of Peasant Farms and Agricultural Cooperatives of Russia (AKKOR),https://www.akkor.ru,Russian,Russia,farmer_association_group,,2026-07-01,https://www.wfo-oma.org/members/list-members/,agricultural cooperatives,FarmerBook's professional farmer profiles and commission-free produce marketplace could help Association of Peasant Farms and Agricultural Cooperatives of Russia (AKKOR)'s agricultural cooperatives community build trusted professional identity and direct buyer connections.,https://www.akkor.ru,verified_current_official_member_directory; contact_surface_needs_manual_review
Association of Slovak Young Farmers (ASYF),https://www.asyf.sk/,Slovak,Slovakia,farmer_association_group,,2026-07-01,https://www.wfo-oma.org/members/list-members/,young farmers,FarmerBook's professional farmer profiles and commission-free produce marketplace could help Association of Slovak Young Farmers (ASYF)'s young farmers community build trusted professional identity and direct buyer connections.,https://www.asyf.sk/,verified_current_official_member_directory; contact_surface_needs_manual_review
Kmetijsko Gozdarska  Zbornica Slovenije  - KGZS (Chamber of Agriculture and Forestry of Slovenia - CAFS),http://www.kgzs.si,Slovenian,Slovenia,farmer_association_group,,2026-07-08,https://copa-cogeca.eu/home/copa_members,farmer representation and market access,FarmerBook's professional farmer profiles and commission-free produce marketplace could help Kmetijsko Gozdarska  Zbornica Slovenije  - KGZS (Chamber of Agriculture and Forestry of Slovenia - CAFS)'s farmer representation and market access community build trusted professional identity and direct buyer connections.,http://www.kgzs.si,verified_current_official_member_directory; contact_surface_needs_manual_review
African Farmers Association of South Africa (AFASA),https://afasa.org.za,English,South Africa,farmer_association_group,,2026-07-01,https://www.wfo-oma.org/members/list-members/,farmer representation and market access,FarmerBook's professional farmer profiles and commission-free produce marketplace could help African Farmers Association of South Africa (AFASA)'s farmer representation and market access community build trusted professional identity and direct buyer connections.,https://afasa.org.za,verified_current_official_member_directory; contact_surface_needs_manual_review
Southern African Confederation of Agricultural Unions,https://sacau.org,English/Multilingual,Southern Africa,farmer_association_group,,2026-08-17,https://sacau.org/category/news/,regional agricultural unions,FarmerBook's professional farmer profiles and commission-free produce marketplace could help Southern African Confederation of Agricultural Unions's regional agricultural unions community build trusted professional identity and direct buyer connections.,https://sacau.org/contact-us/,verified_official_site_and_public_contact_surface; no_contact_values_collected
UPA JOVEN,https://www.facebook.com/upajoven/,Spanish,Spain,farmer_association_group,,2026-07-01,https://www.wfo-oma.org/members/list-members/,young farmers,FarmerBook's professional farmer profiles and commission-free produce marketplace could help UPA JOVEN's young farmers community build trusted professional identity and direct buyer connections.,https://www.facebook.com/upajoven/,verified_current_official_member_directory; contact_surface_needs_manual_review
Lantbrukarnas Riksförbund (LRF),https://www.lrf.se,Swedish,Sweden,farmer_association_group,,2026-07-01,https://www.wfo-oma.org/members/list-members/,farmer representation and market access,FarmerBook's professional farmer profiles and commission-free produce marketplace could help Lantbrukarnas Riksförbund (LRF)'s farmer representation and market access community build trusted professional identity and direct buyer connections.,https://www.lrf.se,verified_current_official_member_directory; contact_surface_needs_manual_review
Schweizer Bauernverband (SBV),https://www.sbv-usp.ch/de/,German/French/Italian,Switzerland,farmer_association_group,,2026-07-01,https://www.wfo-oma.org/members/list-members/,farmer representation and market access,FarmerBook's professional farmer profiles and commission-free produce marketplace could help Schweizer Bauernverband (SBV)'s farmer representation and market access community build trusted professional identity and direct buyer connections.,https://www.sbv-usp.ch/de/,verified_current_official_member_directory; contact_surface_needs_manual_review
Tanzania Horticultural Association,https://taha.or.tz/,Swahili/English,Tanzania,farmer_association_group,,2026-08-17,https://taha.or.tz/,horticulture producers,FarmerBook's professional farmer profiles and commission-free produce marketplace could help Tanzania Horticultural Association's horticulture producers community build trusted professional identity and direct buyer connections.,https://taha.or.tz/contact-us/,verified_official_site_and_public_contact_surface; no_contact_values_collected
Union Tunisienne de l’Agriculture et de la Pêche (UTAP),http://www.utap.org.tn/language/fr/,Arabic/French,Tunisia,farmer_association_group,,2026-07-01,https://www.wfo-oma.org/members/list-members/,farmer representation and market access,FarmerBook's professional farmer profiles and commission-free produce marketplace could help Union Tunisienne de l’Agriculture et de la Pêche (UTAP)'s farmer representation and market access community build trusted professional identity and direct buyer connections.,http://www.utap.org.tn/language/fr/,verified_current_official_member_directory; contact_surface_needs_manual_review
Tom Pemberton Farm Life,https://www.youtube.com/channel/UCuNIKo9EMJZ_FdZfGnM9G1w,English,UK,youtube_creator,,2026-08-17,https://www.youtube.com/channel/UCuNIKo9EMJZ_FdZfGnM9G1w/videos,dairy farming and farm retail,FarmerBook's professional farmer profiles and commission-free produce marketplace could help Tom Pemberton Farm Life's dairy farming and farm retail community build trusted professional identity and direct buyer connections.,https://www.pembertonsfarmshop.co.uk/tpfarmlife,verified_creator_site_and_official_youtube; no_contact_values_collected
Farmer Veteran Coalition,https://farmvetco.org,English,USA,farmer_association_group,,2026-08-17,https://farmvetco.org/stories/,farmer veterans,FarmerBook's professional farmer profiles and commission-free produce marketplace could help Farmer Veteran Coalition's farmer veterans community build trusted professional identity and direct buyer connections.,https://farmvetco.org/about-us/contact-us-2/,verified_official_site_and_public_contact_surface; no_contact_values_collected
National Alliance of Agricultural Co-operatives in Uganda (NAAC),https://naacug.org/,English,Uganda,farmer_association_group,,2026-07-01,https://www.wfo-oma.org/members/list-members/,farmer representation and market access,FarmerBook's professional farmer profiles and commission-free produce marketplace could help National Alliance of Agricultural Co-operatives in Uganda (NAAC)'s farmer representation and market access community build trusted professional identity and direct buyer connections.,https://naacug.org/,verified_current_official_member_directory; contact_surface_needs_manual_review
UK National Farmers’ Union (UK NFU),https://www.nfuonline.com,English/Multilingual,Uk,farmer_association_group,,2026-07-01,https://www.wfo-oma.org/members/list-members/,farmer representation and market access,FarmerBook's professional farmer profiles and commission-free produce marketplace could help UK National Farmers’ Union (UK NFU)'s farmer representation and market access community build trusted professional identity and direct buyer connections.,https://www.nfuonline.com,verified_current_official_member_directory; contact_surface_needs_manual_review
US National Farmers Union (US NFU),https://nfu.org,English/Multilingual,Usa,farmer_association_group,,2026-07-01,https://www.wfo-oma.org/members/list-members/,farmer representation and market access,FarmerBook's professional farmer profiles and commission-free produce marketplace could help US National Farmers Union (US NFU)'s farmer representation and market access community build trusted professional identity and direct buyer connections.,https://nfu.org,verified_current_official_member_directory; contact_surface_needs_manual_review
ROPPA,https://roppa-afrique.org,English/Multilingual,West Africa,farmer_association_group,,2026-08-17,https://roppa-afrique.org/blog/,smallholder producer organisations,FarmerBook's professional farmer profiles and commission-free produce marketplace could help ROPPA's smallholder producer organisations community build trusted professional identity and direct buyer connections.,https://roppa-afrique.org/contact-us/,verified_official_site_and_public_contact_surface; no_contact_values_collected
Commercial Farmers’ Union of Zimbabwe (CFU),http://www.cfuzim.org,English,Zimbabwe,farmer_association_group,,2026-07-01,https://www.wfo-oma.org/members/list-members/,farmer representation and market access,FarmerBook's professional farmer profiles and commission-free produce marketplace could help Commercial Farmers’ Union of Zimbabwe (CFU)'s farmer representation and market access community build trusted professional identity and direct buyer connections.,http://www.cfuzim.org,verified_current_official_member_directory; contact_surface_needs_manual_review
Pan African Farmers Organisation,https://pafo-africa.org,English/Multilingual,Africa,farmer_association_group,,2026-08-17,https://pafo-africa.org/newsletter-4,continental farmer representation,FarmerBook's professional farmer profiles and commission-free produce marketplace could help Pan African Farmers Organisation's continental farmer representation community build trusted professional identity and direct buyer connections.,https://pafo-africa.org,verified_official_site_and_public_contact_surface; no_contact_values_collected
Asociación Argentina de Productores en Siembra Directa (Aapresid),https://www.aapresid.org.ar/en,Spanish,Argentina,farmer_association_group,,2026-07-01,https://www.wfo-oma.org/members/list-members/,farmer representation and market access,FarmerBook's professional farmer profiles and commission-free produce marketplace could help Asociación Argentina de Productores en Siembra Directa (Aapresid)'s farmer representation and market access community build trusted professional identity and direct buyer connections.,https://www.aapresid.org.ar/en,verified_current_official_member_directory; contact_surface_needs_manual_review
NSW Farmers,https://www.nswfarmers.org.au,English,Australia,farmer_association_group,,2026-08-17,https://www.nswfarmers.org.au/NewsEvents,farmer advocacy and member services,FarmerBook's professional farmer profiles and commission-free produce marketplace could help NSW Farmers's farmer advocacy and member services community build trusted professional identity and direct buyer connections.,https://www.nswfarmers.org.au/contact-us,verified_official_site_and_public_contact_surface; no_contact_values_collected
Landwirtschaftskammer Österreich - LKÖ (Austrian Chamber of Agriculture),http://www.lk-oe.at,German,Austria,farmer_association_group,,2026-07-08,https://copa-cogeca.eu/home/copa_members,farmer representation and market access,FarmerBook's professional farmer profiles and commission-free produce marketplace could help Landwirtschaftskammer Österreich - LKÖ (Austrian Chamber of Agriculture)'s farmer representation and market access community build trusted professional identity and direct buyer connections.,http://www.lk-oe.at,verified_current_official_member_directory; contact_surface_needs_manual_review
Groene Kring,http://www.groenekring.be,Dutch/French,Belgium,farmer_association_group,,2026-07-01,https://www.wfo-oma.org/members/list-members/,farmer representation and market access,FarmerBook's professional farmer profiles and commission-free produce marketplace could help Groene Kring's farmer representation and market access community build trusted professional identity and direct buyer connections.,http://www.groenekring.be,verified_current_official_member_directory; contact_surface_needs_manual_review
National Farmers Union Canada,https://www.nfu.ca,English/French,Canada,farmer_association_group,,2026-08-17,https://www.nfu.ca/news,family farm advocacy,FarmerBook's professional farmer profiles and commission-free produce marketplace could help National Farmers Union Canada's family farm advocacy community build trusted professional identity and direct buyer connections.,https://www.nfu.ca/contact,verified_official_site_and_public_contact_surface; no_contact_values_collected
Panagrotikos Farmers’ Union (PANAGROTIKOS),http://www.panagrotikos.org.cy,Greek/Turkish,Cyprus,farmer_association_group,,2026-07-01,https://www.wfo-oma.org/members/list-members/,farmer representation and market access,FarmerBook's professional farmer profiles and commission-free produce marketplace could help Panagrotikos Farmers’ Union (PANAGROTIKOS)'s farmer representation and market access community build trusted professional identity and direct buyer connections.,http://www.panagrotikos.org.cy,verified_current_official_member_directory; contact_surface_needs_manual_review
Landbrug & Fødevarer -  Danish Agriculture and Food Council - DAFC,http://www.lf.dk,Danish/English,Denmark,farmer_association_group,,2026-07-08,https://copa-cogeca.eu/home/copa_members,farmer representation and market access,FarmerBook's professional farmer profiles and commission-free produce marketplace could help Landbrug & Fødevarer -  Danish Agriculture and Food Council - DAFC's farmer representation and market access community build trusted professional identity and direct buyer connections.,http://www.lf.dk,verified_current_official_member_directory; contact_surface_needs_manual_review
Réseau pour la Sécurité et la Souveraineté Alimentaire en République Démocratique du Congo (RESSAC),https://ressacnetwork.org/,French,Dr Congo,farmer_association_group,,2026-07-01,https://www.wfo-oma.org/members/list-members/,farmer representation and market access,FarmerBook's professional farmer profiles and commission-free produce marketplace could help Réseau pour la Sécurité et la Souveraineté Alimentaire en République Démocratique du Congo (RESSAC)'s farmer representation and market access community build trusted professional identity and direct buyer connections.,https://ressacnetwork.org/,verified_current_official_member_directory; contact_surface_needs_manual_review
Shamba Shape Up,https://www.youtube.com/channel/UCobyLKYulGSTe0ZZb4ILjDg,English/Swahili,East Africa,youtube_creator,,2026-08-17,https://www.youtube.com/channel/UCobyLKYulGSTe0ZZb4ILjDg/videos,smallholder farmer education,FarmerBook's professional farmer profiles and commission-free produce marketplace could help Shamba Shape Up's smallholder farmer education community build trusted professional identity and direct buyer connections.,https://shambashapeup.com/about/partner-us/,verified_creator_site_and_official_youtube; no_contact_values_collected
Copa-Cogeca,https://copa-cogeca.eu,English/Multilingual,Europe,farmer_association_group,,2026-08-17,https://copa-cogeca.eu/press-releases,farmers and agricultural cooperatives,FarmerBook's professional farmer profiles and commission-free produce marketplace could help Copa-Cogeca's farmers and agricultural cooperatives community build trusted professional identity and direct buyer connections.,https://copa-cogeca.eu/home/ContactUs,verified_official_site_and_public_contact_surface; no_contact_values_collected
Chambres d'agriculture France  (APCA),http://www.apca.chambagri.fr/,French,France,farmer_association_group,,2026-07-08,https://copa-cogeca.eu/home/copa_members,farmer representation and market access,FarmerBook's professional farmer profiles and commission-free produce marketplace could help Chambres d'agriculture France  (APCA)'s farmer representation and market access community build trusted professional identity and direct buyer connections.,http://www.apca.chambagri.fr/,verified_current_official_member_directory; contact_surface_needs_manual_review
Peace and Love Young Farmers Association LBG (PLYFA LBG),https://www.plyfa.org/,English,Ghana,farmer_association_group,,2026-07-01,https://www.wfo-oma.org/members/list-members/,young farmers,FarmerBook's professional farmer profiles and commission-free produce marketplace could help Peace and Love Young Farmers Association LBG (PLYFA LBG)'s young farmers community build trusted professional identity and direct buyer connections.,https://www.plyfa.org/,verified_current_official_member_directory; contact_surface_needs_manual_review
IFOAM Organics International,https://www.ifoam.bio,English/Multilingual,Global,farmer_association_group,,2026-08-17,https://www.ifoam.bio/news-and-press,organic agriculture,FarmerBook's professional farmer profiles and commission-free produce marketplace could help IFOAM Organics International's organic agriculture community build trusted professional identity and direct buyer connections.,https://www.ifoam.bio/about-us/contact,verified_official_site_and_public_contact_surface; no_contact_values_collected
Irish Creamery Milk Suppliers Association,https://icmsa.ie,English,Ireland,farmer_association_group,,2026-08-17,https://icmsa.ie/news-and-events/,dairy and livestock farmers,FarmerBook's professional farmer profiles and commission-free produce marketplace could help Irish Creamery Milk Suppliers Association's dairy and livestock farmers community build trusted professional identity and direct buyer connections.,https://icmsa.ie/contact-us,verified_official_site_and_public_contact_surface; no_contact_values_collected
Associazione Nazionale Giovani Agricoltori (ANGA),http://www.confagricoltura.it/ita/anga/,Italian,Italy,farmer_association_group,,2026-07-01,https://www.wfo-oma.org/members/list-members/,young farmers,FarmerBook's professional farmer profiles and commission-free produce marketplace could help Associazione Nazionale Giovani Agricoltori (ANGA)'s young farmers community build trusted professional identity and direct buyer connections.,http://www.confagricoltura.it/ita/anga/,verified_current_official_member_directory; contact_surface_needs_manual_review
National Chamber of Agriculture (NCA),http://www.nca.or.jp,Japanese,Japan,farmer_association_group,,2026-07-01,https://www.wfo-oma.org/members/list-members/,farmer representation and market access,FarmerBook's professional farmer profiles and commission-free produce marketplace could help National Chamber of Agriculture (NCA)'s farmer representation and market access community build trusted professional identity and direct buyer connections.,http://www.nca.or.jp,verified_current_official_member_directory; contact_surface_needs_manual_review
Lëtzebuerger Landjugend a Jongbaueren,http://jongbaueren.lu/llj/,Luxembourgish/French/German,Luxembourg,farmer_association_group,,2026-07-01,https://www.wfo-oma.org/members/list-members/,farmer representation and market access,FarmerBook's professional farmer profiles and commission-free produce marketplace could help Lëtzebuerger Landjugend a Jongbaueren's farmer representation and market access community build trusted professional identity and direct buyer connections.,http://jongbaueren.lu/llj/,verified_current_official_member_directory; contact_surface_needs_manual_review
FIFATA,http://www.fifata.net/,English/Multilingual,Madagascar,farmer_association_group,,2026-07-01,https://www.wfo-oma.org/members/list-members/,farmer representation and market access,FarmerBook's professional farmer profiles and commission-free produce marketplace could help FIFATA's farmer representation and market access community build trusted professional identity and direct buyer connections.,http://www.fifata.net/,verified_current_official_member_directory; contact_surface_needs_manual_review
National Association of Smallholder Farmers (NASFAM),https://www.facebook.com/nasfammw,English/Multilingual,Malawi,farmer_association_group,,2026-07-01,https://www.wfo-oma.org/members/list-members/,farmer representation and market access,FarmerBook's professional farmer profiles and commission-free produce marketplace could help National Association of Smallholder Farmers (NASFAM)'s farmer representation and market access community build trusted professional identity and direct buyer connections.,https://www.facebook.com/nasfammw,verified_current_official_member_directory; contact_surface_needs_manual_review
Federated Farmers of New Zealand,http://www.fedfarm.org.nz,English,New Zealand,farmer_association_group,,2026-07-01,https://www.wfo-oma.org/members/list-members/,farmer representation and market access,FarmerBook's professional farmer profiles and commission-free produce marketplace could help Federated Farmers of New Zealand's farmer representation and market access community build trusted professional identity and direct buyer connections.,http://www.fedfarm.org.nz,verified_current_official_member_directory; contact_surface_needs_manual_review
Norsk Landbrukssamvirke,https://www.landbruk.no,Norwegian,Norway,farmer_association_group,,2026-07-01,https://www.wfo-oma.org/members/list-members/,agricultural cooperatives,FarmerBook's professional farmer profiles and commission-free produce marketplace could help Norsk Landbrukssamvirke's agricultural cooperatives community build trusted professional identity and direct buyer connections.,https://www.landbruk.no,verified_current_official_member_directory; contact_surface_needs_manual_review
Federacja Branżowych Związków Producentów Rolnych - FBZPR (Federation of Agricultural Producers Union),http://www.fbzpr.org.pl/,Polish,Poland,farmer_association_group,,2026-07-08,https://copa-cogeca.eu/home/copa_members,farmer representation and market access,FarmerBook's professional farmer profiles and commission-free produce marketplace could help Federacja Branżowych Związków Producentów Rolnych - FBZPR (Federation of Agricultural Producers Union)'s farmer representation and market access community build trusted professional identity and direct buyer connections.,http://www.fbzpr.org.pl/,verified_current_official_member_directory; contact_surface_needs_manual_review
Slovenská Poľnohospodárska a Potravinárska Komora  - SPPK (Slovak Chamber of Agriculture and Food),http://www.sppk.sk,Slovak,Slovakia,farmer_association_group,,2026-07-08,https://copa-cogeca.eu/home/copa_members,farmer representation and market access,FarmerBook's professional farmer profiles and commission-free produce marketplace could help Slovenská Poľnohospodárska a Potravinárska Komora  - SPPK (Slovak Chamber of Agriculture and Food)'s farmer representation and market access community build trusted professional identity and direct buyer connections.,http://www.sppk.sk,verified_current_official_member_directory; contact_surface_needs_manual_review
Southern African Agri Initiative (SAAI),https://saai.org/en/,English,South Africa,farmer_association_group,,2026-07-01,https://www.wfo-oma.org/members/list-members/,farmer representation and market access,FarmerBook's professional farmer profiles and commission-free produce marketplace could help Southern African Agri Initiative (SAAI)'s farmer representation and market access community build trusted professional identity and direct buyer connections.,https://saai.org/en/,verified_current_official_member_directory; contact_surface_needs_manual_review
Asociacion Agraria - Jovenes Agricultores (ASAJA),http://www.asaja.com,Spanish,Spain,farmer_association_group,,2026-07-08,https://copa-cogeca.eu/home/copa_members,young farmers,FarmerBook's professional farmer profiles and commission-free produce marketplace could help Asociacion Agraria - Jovenes Agricultores (ASAJA)'s young farmers community build trusted professional identity and direct buyer connections.,http://www.asaja.com,verified_current_official_member_directory; contact_surface_needs_manual_review
Federation of Southern Cooperatives,https://www.federation.coop,English,USA,farmer_association_group,,2026-08-17,https://www.federation.coop/news,farmer cooperatives and Black farmers,FarmerBook's professional farmer profiles and commission-free produce marketplace could help Federation of Southern Cooperatives's farmer cooperatives and Black farmers community build trusted professional identity and direct buyer connections.,https://www.federation.coop/contact,verified_official_site_and_public_contact_surface; no_contact_values_collected
Uganda National Farmers Federation (UNFFE),http://unffe.org.ug/,English,Uganda,farmer_association_group,,2026-07-01,https://www.wfo-oma.org/members/list-members/,farmer representation and market access,FarmerBook's professional farmer profiles and commission-free produce marketplace could help Uganda National Farmers Federation (UNFFE)'s farmer representation and market access community build trusted professional identity and direct buyer connections.,http://unffe.org.ug/,verified_current_official_member_directory; contact_surface_needs_manual_review
Zimbabwe Farmers Union (ZFU),http://www.zfu.org.zw,English,Zimbabwe,farmer_association_group,,2026-07-01,https://www.wfo-oma.org/members/list-members/,farmer representation and market access,FarmerBook's professional farmer profiles and commission-free produce marketplace could help Zimbabwe Farmers Union (ZFU)'s farmer representation and market access community build trusted professional identity and direct buyer connections.,http://www.zfu.org.zw,verified_current_official_member_directory; contact_surface_needs_manual_review
Fairtrade Africa,https://www.fairtrade.net/africa-en.html,English/Multilingual,Africa,farmer_association_group,,2026-08-17,https://www.fairtrade.net/africa-en/why-fairtrade/impact/impact-stories-.html,producer networks and fair market access,FarmerBook's professional farmer profiles and commission-free produce marketplace could help Fairtrade Africa's producer networks and fair market access community build trusted professional identity and direct buyer connections.,https://www.fairtrade.net/africa-en/contact-us/report-a-concern.html,verified_official_site_and_public_contact_surface; no_contact_values_collected
Federación Agraria Argentina,https://faa.com.ar/,Spanish,Argentina,farmer_association_group,,2026-08-17,https://faa.com.ar/,small and medium farm representation,FarmerBook's professional farmer profiles and commission-free produce marketplace could help Federación Agraria Argentina's small and medium farm representation community build trusted professional identity and direct buyer connections.,https://faa.com.ar/,verified_official_site_and_public_contact_surface; no_contact_values_collected
Victorian Farmers Federation,https://vff.org.au/,English,Australia,farmer_association_group,,2026-08-17,https://vff.org.au/category/vff-news/,state farmer representation,FarmerBook's professional farmer profiles and commission-free produce marketplace could help Victorian Farmers Federation's state farmer representation community build trusted professional identity and direct buyer connections.,https://vff.org.au/contact/,verified_official_site_and_public_contact_surface; no_contact_values_collected
Ontario Federation of Agriculture,https://ofa.on.ca,English/French,Canada,farmer_association_group,,2026-08-17,https://ofa.on.ca/newsroom,provincial agricultural producers,FarmerBook's professional farmer profiles and commission-free produce marketplace could help Ontario Federation of Agriculture's provincial agricultural producers community build trusted professional identity and direct buyer connections.,https://ofa.on.ca/contact-us,verified_official_site_and_public_contact_surface; no_contact_values_collected
European Coordination Via Campesina,https://www.eurovia.org,English/Multilingual,Europe,farmer_association_group,,2026-08-17,https://www.eurovia.org/news-and-events/,small and peasant farmers,FarmerBook's professional farmer profiles and commission-free produce marketplace could help European Coordination Via Campesina's small and peasant farmers community build trusted professional identity and direct buyer connections.,https://www.eurovia.org/contact,verified_official_site_and_public_contact_surface; no_contact_values_collected
Ghana Federation of Forest and Farm Producers,https://ghaffap.org,English,Ghana,farmer_association_group,,2026-08-17,https://ghaffap.org/news/,forest and farm producer organisations,FarmerBook's professional farmer profiles and commission-free produce marketplace could help Ghana Federation of Forest and Farm Producers's forest and farm producer organisations community build trusted professional identity and direct buyer connections.,https://ghaffap.org/contact/,verified_official_site_and_public_contact_surface; no_contact_values_collected
Millennial Farmer,https://www.youtube.com/c/MNMillennialFarmer,English,USA,youtube_creator,,2026-08-17,https://www.youtube.com/c/MNMillennialFarmer/videos,row crop farming and public farm education,FarmerBook's professional farmer profiles and commission-free produce marketplace could give Millennial Farmer's farm audience trusted professional identities and direct buyer connections.,https://www.mnmillennialfarmer.com/sponsorship-opportunities,verified_creator_site_and_official_youtube; no_contact_values_collected
Welker Farms,https://www.youtube.com/welkerfarmsinc,English,USA,youtube_creator,,2026-08-17,https://www.youtube.com/welkerfarmsinc/videos,large-scale grain farming and machinery,FarmerBook's professional farmer profiles and commission-free produce marketplace could give Welker Farms' grain-farming audience trusted professional identities and direct buyer connections.,https://welkerfarmsinc.com/,verified_creator_site_and_official_youtube; no_contact_values_collected
Larson Farms,https://www.youtube.com/channel/UC1oEXMoRAeYu8Vj21F5xzLg,English,USA,youtube_creator,,2026-08-17,https://www.youtube.com/channel/UC1oEXMoRAeYu8Vj21F5xzLg/videos,row crop farming and machinery,FarmerBook's professional farmer profiles and commission-free produce marketplace could give Larson Farms' row-crop audience trusted professional identities and direct buyer connections.,https://www.larsonfarms.com/#contact-section,verified_creator_site_and_official_youtube; no_contact_values_collected
Sonne Farms,https://www.youtube.com/channel/UCSTZGtlBaX5ympBGEnG13Uw,English,USA,youtube_creator,,2026-08-17,https://www.youtube.com/channel/UCSTZGtlBaX5ympBGEnG13Uw/videos,beef cattle and crop farming,FarmerBook's professional farmer profiles and commission-free produce marketplace could give Sonne Farms' livestock-and-crop audience trusted professional identities and direct buyer connections.,https://www.sonnefarms.com,verified_creator_site_and_official_youtube; no_contact_values_collected
How Farms Work,https://www.youtube.com/user/ryanfun1,English,USA,youtube_creator,,2026-08-17,https://www.youtube.com/user/ryanfun1/videos,practical farm operations and equipment,FarmerBook's professional farmer profiles and commission-free produce marketplace could give How Farms Work's practical-farming audience trusted professional identities and direct buyer connections.,https://www.howfarmswork.com/contact.html,verified_creator_site_and_official_youtube; no_contact_values_collected
Quick Dick McDick,https://www.youtube.com/channel/UCQCdsHLE7N7HHGlHzYkKmwA,English/French,Canada,youtube_creator,,2026-08-17,https://www.youtube.com/channel/UCQCdsHLE7N7HHGlHzYkKmwA/videos,prairie farming and rural commentary,FarmerBook's professional farmer profiles and commission-free produce marketplace could give Quick Dick McDick's prairie-farming audience trusted professional identities and direct buyer connections.,https://quickdickmcdick.ca/pages/contact-us,verified_creator_site_and_official_youtube; no_contact_values_collected
