channel_name,channel_url,language,subscribers,last_active,evidence_url,topic,personalization_note,official_contact_page_url,verification_status
"hmr TELUGU AGRICULTURE","https://www.youtube.com/@hmrTELUGUAGRICULTURE","Telugu","","2026-04-16","https://ragidi.com/c/hmragri/video/XlijF_A38lU","Crop agronomy; chilli cultivation; integrated pest and disease management","Its scientist-led chilli and crop-protection audience is a strong fit for FarmerBook professional farmer profiles and commission-free connections to direct buyers and wholesalers.","https://www.youtube.com/@hmrTELUGUAGRICULTURE/about","high_official_handle_plus_dated_public_video_index"
"MAD GARDENER","https://www.youtube.com/@madgardener","Telugu","760K","2026-03-06","https://www.speakrj.com/audit/report/UC1Wk3b--QQ-vMDoUgSom3Cw/youtube/media-stats","Organic terrace gardening; kitchen gardening; vegetables and home-grown produce","Its large Telugu organic-growing community could showcase FarmerBook profiles for serious growers and help them discover commission-free direct produce demand.","https://madgardener.graphy.com/","medium_official_identity_plus_dated_channel_activity_index"
"Indarapu Srinivas rao","https://www.youtube.com/@IndarapuSrinivasrao","Telugu","94.2K","2026-04-15","https://www.youtube.com/watch?v=ldw928-cvTs","Crop cultivation; solar fencing; farm infrastructure and practical field solutions","The channel's practical farm-infrastructure audience is well matched to FarmerBook profiles that connect verified growers directly with produce buyers and wholesalers.","https://www.youtube.com/@IndarapuSrinivasrao/about","high_official_channel_plus_exact_dated_video"
"Telugu Village Agriculture","https://www.youtube.com/@TeluguVillageAgriculture","Telugu","58.6K","2025-12 (indexed relative date; exact day unavailable)","https://www.youtube.com/@TeluguVillageAgriculture","Vegetable cultivation; grafted brinjal; fertilizers; crop growth and pest management","Its crop-specific vegetable education can introduce FarmerBook as a place for growers to build professional profiles and reach buyers without commission.","https://www.youtube.com/@TeluguVillageAgriculture/about","medium_official_channel_plus_recent_relative_date_index"
"telugu rythu vvr","https://www.youtube.com/channel/UCJ8ZVlSnkpxwImnPQcR2ndw","Telugu","153K","2025-08-22","https://www.youtube.com/watch?v=-SZdoSWaSTk","Cotton cultivation; fertilizers; pesticides; farmer and expert field guidance","Its cotton-growing audience is a natural fit for FarmerBook's professional farmer profiles and direct commission-free discovery by buyers and wholesalers.","https://www.youtube.com/channel/UCJ8ZVlSnkpxwImnPQcR2ndw/about","high_verified_channel_plus_exact_dated_video"
"Boss Wallah - Farming (Telugu)","https://www.youtube.com/@bosswallahfarmingtelugu","Telugu","537K","2026-04-17","https://www.youtube.com/watch?v=8VTDGz8Jcjs","Livestock; aquaculture; crop cultivation; farm business and farmer success stories","Its agripreneur audience can use FarmerBook to turn farming expertise into credible profiles and connect directly with buyers and wholesalers without marketplace commission.","https://bosswallah.ai/blog/contact-us/","high_official_channel_plus_exact_dated_video_and_official_site"
"Bogolu Nithish Reddy","https://www.youtube.com/@BogoluNithishReddy","Telugu","110K","2026-03 (indexed relative date; exact day unavailable)","https://www.youtube.com/@BogoluNithishReddy","Tractors; harvesters; farm machinery and agricultural implements","Its Telugu farm-machinery audience overlaps with commercially active growers who could benefit from FarmerBook professional profiles and direct buyer relationships.","https://www.youtube.com/@BogoluNithishReddy/about","medium_official_verified_channel_plus_recent_relative_date_index"
"DesiKheti Telugu","https://www.youtube.com/@desikheti.com_official","Telugu","","2026-04 (indexed relative date; exact day unavailable)","https://www.youtube.com/channel/UCOaD46LaIytWSiHhUa70EFg","Chilli and vegetable varieties; farm inputs; farmer reviews and crop solutions","Its seed-and-crop audience is closely aligned with FarmerBook profiles that let growers present their crops professionally and connect with buyers and wholesalers without commission.","https://knowledge.desikheti.com/contact-us/","high_official_channel_plus_recent_video_index_and_official_contact_page"
"Kaveri Seeds Official","https://www.youtube.com/@KaveriSeedsCompanyLimited","Telugu / multilingual","23.5K","2026-08 (indexed as latest; publish day unavailable)","https://creatorcontacts.com/c/UCz8Zh0IvXoX43ikPobLLmhw","Seed technology; crop solutions; farmer success stories and agricultural insights","Its Telugu farmer-testimonial and seed audience could help FarmerBook reach growers ready to build credible crop profiles and meet direct buyers or wholesalers.","https://www.kaveriseeds.in/contact-us/","medium_official_company_channel_plus_current_latest_video_index"
